stage,method,profile,pilot_pattern,seed,pilot_ratio,snr_db,velocity_kmh,nmse,mse,mae,pilot_consistency_error,delay_domain_sparsity_score,doppler_robustness_metric,runtime_seconds
stage4_cdl,LS,CDL-A,irregular,42,0.5000,0,0,0.99958551,0.49979275,0.57175419,0.00000000,0.37100135,0.99958551,0.3243
stage4_cdl,LMMSE-like,CDL-A,irregular,42,0.5000,0,0,1.98507449,0.99253725,0.77036479,0.00000000,0.44198721,1.98507449,1.8364
stage4_cdl,Enhanced-DnCNN,CDL-A,irregular,42,0.5000,0,0,0.99428129,0.49714065,0.57023536,0.00008327,0.37142842,0.99428129,1.4556
stage4_cdl,PICASSO-rec,CDL-A,irregular,42,0.5000,0,0,0.77497491,0.38748746,0.49902940,0.13653786,0.40488806,0.77497491,0.6036
stage4_cdl,PICASSO-rec-physics,CDL-A,irregular,42,0.5000,0,0,0.84164295,0.42082147,0.52271526,0.04693292,0.37906323,0.84164295,0.4628
stage4_cdl,LS,CDL-A,irregular,42,0.5000,0,60,0.99960524,0.49980262,0.57177739,0.00000000,0.37086405,0.99960524,0.0162
stage4_cdl,LMMSE-like,CDL-A,irregular,42,0.5000,0,60,1.98488992,0.99244496,0.77045132,0.00000000,0.44176666,1.98488992,1.6182
stage4_cdl,Enhanced-DnCNN,CDL-A,irregular,42,0.5000,0,60,0.99523346,0.49761673,0.57051736,0.00006944,0.37121183,0.99523346,0.2413
stage4_cdl,PICASSO-rec,CDL-A,irregular,42,0.5000,0,60,0.75643891,0.37821946,0.49262051,0.17855955,0.42067254,0.75643891,0.4522
stage4_cdl,PICASSO-rec-physics,CDL-A,irregular,42,0.5000,0,60,0.83295771,0.41647886,0.51985078,0.04858509,0.38411185,0.83295771,0.4510
stage4_cdl,LS,CDL-A,irregular,42,0.5000,0,120,0.99962007,0.49981003,0.57181703,0.00000000,0.37125327,0.36417162,0.0134
stage4_cdl,LMMSE-like,CDL-A,irregular,42,0.5000,0,120,1.98702613,0.99351306,0.77081239,0.00000000,0.44240416,0.72388327,1.6502
stage4_cdl,Enhanced-DnCNN,CDL-A,irregular,42,0.5000,0,120,0.99739081,0.49869540,0.57116345,0.00008702,0.37140041,0.36335927,0.2421
stage4_cdl,PICASSO-rec,CDL-A,irregular,42,0.5000,0,120,0.74420990,0.37210495,0.48841298,0.22052563,0.43923371,0.27109589,0.4588
stage4_cdl,PICASSO-rec-physics,CDL-A,irregular,42,0.5000,0,120,0.82228184,0.41114092,0.51653279,0.05308034,0.38811119,0.29955155,0.4511
stage4_cdl,LS,CDL-A,irregular,42,0.5000,10,0,0.55060969,0.27530485,0.37913177,0.00000000,0.47308312,0.55060969,0.0146
stage4_cdl,LMMSE-like,CDL-A,irregular,42,0.5000,10,0,1.20980924,0.60490462,0.52374753,0.00000000,0.44541848,1.20980924,1.6003
stage4_cdl,Enhanced-DnCNN,CDL-A,irregular,42,0.5000,10,0,0.54979128,0.27489564,0.37883490,0.00002979,0.47367059,0.54979128,0.2581
stage4_cdl,PICASSO-rec,CDL-A,irregular,42,0.5000,10,0,0.52952524,0.26476262,0.37246622,0.00842261,0.49715700,0.52952524,0.4631
stage4_cdl,PICASSO-rec-physics,CDL-A,irregular,42,0.5000,10,0,0.52875352,0.26437676,0.37149705,0.00762071,0.49380165,0.52875352,0.4509
stage4_cdl,LS,CDL-A,irregular,42,0.5000,10,60,0.55039735,0.27519868,0.37910690,0.00000000,0.47337951,0.55039735,0.0143
stage4_cdl,LMMSE-like,CDL-A,irregular,42,0.5000,10,60,1.20963812,0.60481906,0.52374578,0.00000000,0.44600015,1.20963812,1.6655
stage4_cdl,Enhanced-DnCNN,CDL-A,irregular,42,0.5000,10,60,0.54999535,0.27499767,0.37898125,0.00004233,0.47373569,0.54999535,0.2509
stage4_cdl,PICASSO-rec,CDL-A,irregular,42,0.5000,10,60,0.51622282,0.25811141,0.36883951,0.01309949,0.51671818,0.51622282,0.4471
stage4_cdl,PICASSO-rec-physics,CDL-A,irregular,42,0.5000,10,60,0.53618838,0.26809419,0.37365092,0.00624133,0.48544900,0.53618838,0.4587
stage4_cdl,LS,CDL-A,irregular,42,0.5000,10,120,0.55017789,0.27508894,0.37909753,0.00000000,0.47421585,0.20042943,0.0134
stage4_cdl,LMMSE-like,CDL-A,irregular,42,0.5000,10,120,1.21021253,0.60510626,0.52377059,0.00000000,0.44657192,0.44085207,1.6700
stage4_cdl,Enhanced-DnCNN,CDL-A,irregular,42,0.5000,10,120,0.55010012,0.27505006,0.37910954,0.00006707,0.47432338,0.20040120,0.2459
stage4_cdl,PICASSO-rec,CDL-A,irregular,42,0.5000,10,120,0.51106948,0.25553474,0.36687084,0.01343927,0.52401412,0.18617267,0.4510
stage4_cdl,PICASSO-rec-physics,CDL-A,irregular,42,0.5000,10,120,0.53469090,0.26734545,0.37330335,0.00648623,0.48884383,0.19478474,0.4501
stage4_cdl,LS,CDL-A,irregular,42,0.5000,30,0,0.50122611,0.25061306,0.29914901,0.00000000,0.49867055,0.50122611,0.0136
stage4_cdl,LMMSE-like,CDL-A,irregular,42,0.5000,30,0,1.12508267,0.56254134,0.43761828,0.00000000,0.44877259,1.12508267,1.6157
stage4_cdl,Enhanced-DnCNN,CDL-A,irregular,42,0.5000,30,0,0.50090504,0.25045252,0.29931755,0.00003149,0.49902971,0.50090504,0.2506
stage4_cdl,PICASSO-rec,CDL-A,irregular,42,0.5000,30,0,0.49149673,0.24574836,0.31024458,0.00333291,0.51052710,0.49149673,0.4533
stage4_cdl,PICASSO-rec-physics,CDL-A,irregular,42,0.5000,30,0,0.49241470,0.24620735,0.30868904,0.00268274,0.50887699,0.49241470,0.4562
stage4_cdl,LS,CDL-A,irregular,42,0.5000,30,60,0.50098825,0.25049413,0.29910409,0.00000000,0.49901304,0.50098825,0.0148
stage4_cdl,LMMSE-like,CDL-A,irregular,42,0.5000,30,60,1.12504214,0.56252107,0.43757979,0.00000000,0.44884831,1.12504214,1.5918
stage4_cdl,Enhanced-DnCNN,CDL-A,irregular,42,0.5000,30,60,0.49982326,0.24991163,0.29892983,0.00001964,0.50008201,0.49982326,0.2356
stage4_cdl,PICASSO-rec,CDL-A,irregular,42,0.5000,30,60,0.48687495,0.24343748,0.30888107,0.00335261,0.51583439,0.48687495,0.4557
stage4_cdl,PICASSO-rec-physics,CDL-A,irregular,42,0.5000,30,60,0.49746650,0.24873325,0.31114174,0.00302302,0.50493619,0.49746650,0.4537
stage4_cdl,LS,CDL-A,irregular,42,0.5000,30,120,0.50074300,0.25037150,0.29907426,0.00000000,0.49913926,0.18241915,0.0140
stage4_cdl,LMMSE-like,CDL-A,irregular,42,0.5000,30,120,1.12509209,0.56254604,0.43761065,0.00000000,0.44894999,0.40983536,1.5588
stage4_cdl,Enhanced-DnCNN,CDL-A,irregular,42,0.5000,30,120,0.50023635,0.25011817,0.29926068,0.00003930,0.49962952,0.18223440,0.2383
stage4_cdl,PICASSO-rec,CDL-A,irregular,42,0.5000,30,120,0.48653264,0.24326632,0.30837701,0.00318133,0.51553796,0.17723776,0.4477
stage4_cdl,PICASSO-rec-physics,CDL-A,irregular,42,0.5000,30,120,0.49218051,0.24609026,0.30993066,0.00311196,0.50936638,0.17929853,0.4582
stage4_cdl,LS,CDL-A,block,42,0.2500,0,0,0.99918035,0.49959017,0.57521190,0.00000000,0.39626300,0.99918035,0.0262
stage4_cdl,LMMSE-like,CDL-A,block,42,0.2500,0,0,2.47199088,1.23599544,0.87352656,0.00000000,0.72060885,2.47199088,1.5960
stage4_cdl,Enhanced-DnCNN,CDL-A,block,42,0.2500,0,0,0.99783370,0.49891685,0.57483807,0.00019974,0.39621345,0.99783370,0.2604
stage4_cdl,PICASSO-rec,CDL-A,block,42,0.2500,0,0,0.89667949,0.44833975,0.54217215,0.13602771,0.40391335,0.89667949,0.4485
stage4_cdl,PICASSO-rec-physics,CDL-A,block,42,0.2500,0,0,0.94276620,0.47138310,0.55811623,0.03552596,0.39115161,0.94276620,0.4534
stage4_cdl,LS,CDL-A,block,42,0.2500,0,60,0.99914871,0.49957436,0.57521832,0.00000000,0.39614171,0.99914871,0.0135
stage4_cdl,LMMSE-like,CDL-A,block,42,0.2500,0,60,2.48188037,1.24094018,0.87466811,0.00000000,0.72016470,2.48188037,1.6148
stage4_cdl,Enhanced-DnCNN,CDL-A,block,42,0.2500,0,60,0.99654759,0.49827380,0.57447608,0.00007111,0.39611365,0.99654759,0.2370
stage4_cdl,PICASSO-rec,CDL-A,block,42,0.2500,0,60,0.92343365,0.46171682,0.55171314,0.06884112,0.40441626,0.92343365,0.4557
stage4_cdl,PICASSO-rec-physics,CDL-A,block,42,0.2500,0,60,0.94037804,0.47018902,0.55739892,0.03586728,0.39338057,0.94037804,0.4639
stage4_cdl,LS,CDL-A,block,42,0.2500,0,120,0.99912000,0.49956000,0.57526882,0.00000000,0.39568982,0.36398830,0.0174
stage4_cdl,LMMSE-like,CDL-A,block,42,0.2500,0,120,2.48534983,1.24267492,0.87543839,0.00000000,0.72047673,0.90543456,1.7762
stage4_cdl,Enhanced-DnCNN,CDL-A,block,42,0.2500,0,120,0.99717608,0.49858804,0.57471165,0.00003009,0.39575738,0.36328010,0.2457
stage4_cdl,PICASSO-rec,CDL-A,block,42,0.2500,0,120,0.88258491,0.44129246,0.53745089,0.24693342,0.42590264,0.32152438,0.4615
stage4_cdl,PICASSO-rec-physics,CDL-A,block,42,0.2500,0,120,0.93420298,0.46710149,0.55548981,0.04104203,0.39492055,0.34033713,0.4586
stage4_cdl,LS,CDL-A,block,42,0.2500,10,0,0.77498215,0.38749108,0.47903230,0.00000000,0.56325422,0.77498215,0.0132
stage4_cdl,LMMSE-like,CDL-A,block,42,0.2500,10,0,1.58543697,0.79271848,0.66232023,0.00000000,0.74918438,1.58543697,1.6142
stage4_cdl,Enhanced-DnCNN,CDL-A,block,42,0.2500,10,0,0.77502692,0.38751346,0.47904982,0.00002723,0.56320995,0.77502692,0.2396
stage4_cdl,PICASSO-rec,CDL-A,block,42,0.2500,10,0,0.77672254,0.38836127,0.48026758,0.00700165,0.55827586,0.77672254,0.4559
stage4_cdl,PICASSO-rec-physics,CDL-A,block,42,0.2500,10,0,0.77580497,0.38790248,0.47955201,0.00571975,0.55819608,0.77580497,0.4598
stage4_cdl,LS,CDL-A,block,42,0.2500,10,60,0.77509667,0.38754833,0.47906639,0.00000000,0.56303367,0.77509667,0.0152
stage4_cdl,LMMSE-like,CDL-A,block,42,0.2500,10,60,1.58973977,0.79486988,0.66308399,0.00000000,0.74910222,1.58973977,1.6158
stage4_cdl,Enhanced-DnCNN,CDL-A,block,42,0.2500,10,60,0.77513145,0.38756572,0.47907572,0.00004213,0.56293115,0.77513145,0.2590
stage4_cdl,PICASSO-rec,CDL-A,block,42,0.2500,10,60,0.77429220,0.38714610,0.47855970,0.00765263,0.56884198,0.77429220,0.4648
stage4_cdl,PICASSO-rec-physics,CDL-A,block,42,0.2500,10,60,0.77559592,0.38779796,0.47928425,0.00732027,0.55947484,0.77559592,0.4628
stage4_cdl,LS,CDL-A,block,42,0.2500,10,120,0.77526021,0.38763011,0.47915687,0.00000000,0.56283744,0.28243419,0.0139
stage4_cdl,LMMSE-like,CDL-A,block,42,0.2500,10,120,1.59173921,0.79586960,0.66390038,0.00000000,0.74981666,0.57983094,1.6216
stage4_cdl,Enhanced-DnCNN,CDL-A,block,42,0.2500,10,120,0.77518657,0.38759328,0.47908840,0.00001429,0.56291147,0.28240743,0.2462
stage4_cdl,PICASSO-rec,CDL-A,block,42,0.2500,10,120,0.77428631,0.38714316,0.47852874,0.00783443,0.56684841,0.28207930,0.4583
stage4_cdl,PICASSO-rec-physics,CDL-A,block,42,0.2500,10,120,0.77557388,0.38778694,0.47934669,0.00712315,0.56072584,0.28254789,0.4587
stage4_cdl,LS,CDL-A,block,42,0.2500,30,0,0.75031969,0.37515984,0.43909688,0.00000000,0.60360098,0.75031969,0.0142
stage4_cdl,LMMSE-like,CDL-A,block,42,0.2500,30,0,1.48975292,0.74487646,0.60885586,0.00000000,0.75677669,1.48975292,1.7100
stage4_cdl,Enhanced-DnCNN,CDL-A,block,42,0.2500,30,0,0.75033075,0.37516537,0.43913472,0.00000931,0.60357074,0.75033075,0.2366
stage4_cdl,PICASSO-rec,CDL-A,block,42,0.2500,30,0,0.75190622,0.37595311,0.44571493,0.00261550,0.60088383,0.75190622,0.4489
stage4_cdl,PICASSO-rec-physics,CDL-A,block,42,0.2500,30,0,0.75213023,0.37606511,0.44697620,0.00345842,0.60005151,0.75213023,0.4474
stage4_cdl,LS,CDL-A,block,42,0.2500,30,60,0.75045034,0.37522517,0.43914253,0.00000000,0.60345908,0.75045034,0.0152
stage4_cdl,LMMSE-like,CDL-A,block,42,0.2500,30,60,1.49149591,0.74574795,0.60922107,0.00000000,0.75691956,1.49149591,1.6760
stage4_cdl,Enhanced-DnCNN,CDL-A,block,42,0.2500,30,60,0.75053041,0.37526520,0.43956021,0.00009792,0.60321456,0.75053041,0.2495
stage4_cdl,PICASSO-rec,CDL-A,block,42,0.2500,30,60,0.75239664,0.37619832,0.44705710,0.00341814,0.60050030,0.75239664,0.4648
stage4_cdl,PICASSO-rec-physics,CDL-A,block,42,0.2500,30,60,0.75328843,0.37664422,0.44851728,0.00432770,0.59741183,0.75328843,0.4533
stage4_cdl,LS,CDL-A,block,42,0.2500,30,120,0.75063498,0.37531749,0.43924971,0.00000000,0.60328738,0.27346300,0.0185
stage4_cdl,LMMSE-like,CDL-A,block,42,0.2500,30,120,1.49260172,0.74630086,0.60960251,0.00000000,0.75696641,0.54371117,1.6210
stage4_cdl,Enhanced-DnCNN,CDL-A,block,42,0.2500,30,120,0.75065453,0.37532727,0.43931344,0.00001510,0.60324207,0.27347007,0.2582
stage4_cdl,PICASSO-rec,CDL-A,block,42,0.2500,30,120,0.75233918,0.37616959,0.44643871,0.00300063,0.60079448,0.27408407,0.4554
stage4_cdl,PICASSO-rec-physics,CDL-A,block,42,0.2500,30,120,0.75310236,0.37655118,0.44754811,0.00364787,0.59866583,0.27436218,0.4523
stage4_cdl,LS,CDL-A,irregular,42,0.1250,0,0,0.99876271,0.49938136,0.57709734,0.00000000,0.28346652,0.99876271,0.0144
stage4_cdl,LMMSE-like,CDL-A,irregular,42,0.1250,0,0,2.69696969,1.34848484,0.91909117,0.00000000,0.81140128,2.69696969,1.6117
stage4_cdl,Enhanced-DnCNN,CDL-A,irregular,42,0.1250,0,0,0.99815904,0.49907952,0.57691745,0.00003815,0.28353448,0.99815904,0.2539
stage4_cdl,PICASSO-rec,CDL-A,irregular,42,0.1250,0,0,0.93036512,0.46518256,0.55457497,0.21158256,0.37564585,0.93036512,0.4517
stage4_cdl,PICASSO-rec-physics,CDL-A,irregular,42,0.1250,0,0,0.94782117,0.47391059,0.56117603,0.05145462,0.31390072,0.94782117,0.4502
stage4_cdl,LS,CDL-A,irregular,42,0.1250,0,60,0.99877144,0.49938572,0.57710703,0.00000000,0.28330897,0.99877144,0.0132
stage4_cdl,LMMSE-like,CDL-A,irregular,42,0.1250,0,60,2.70892787,1.35446393,0.92104818,0.00000000,0.81190357,2.70892787,1.7438
stage4_cdl,Enhanced-DnCNN,CDL-A,irregular,42,0.1250,0,60,0.99804541,0.49902271,0.57689558,0.00001166,0.28338587,0.99804541,0.2467
stage4_cdl,PICASSO-rec,CDL-A,irregular,42,0.1250,0,60,0.94679724,0.47339862,0.56048580,0.08598112,0.30713359,0.94679724,0.4615
stage4_cdl,PICASSO-rec-physics,CDL-A,irregular,42,0.1250,0,60,0.95342201,0.47671100,0.56301504,0.04174788,0.30610619,0.95342201,0.4515
stage4_cdl,LS,CDL-A,irregular,42,0.1250,0,120,0.99877788,0.49938894,0.57727805,0.00000000,0.28369471,0.36386126,0.0170
stage4_cdl,LMMSE-like,CDL-A,irregular,42,0.1250,0,120,2.71132004,1.35566002,0.92129624,0.00000000,0.81092443,0.98776747,1.6533
stage4_cdl,Enhanced-DnCNN,CDL-A,irregular,42,0.1250,0,120,0.99724630,0.49862315,0.57683665,0.00004643,0.28385723,0.36330293,0.2463
stage4_cdl,PICASSO-rec,CDL-A,irregular,42,0.1250,0,120,0.93308191,0.46654096,0.55560254,0.17060411,0.35646807,0.33991902,0.4525
stage4_cdl,PICASSO-rec-physics,CDL-A,irregular,42,0.1250,0,120,0.95409033,0.47704516,0.56332432,0.04458820,0.29834923,0.34757733,0.4472
stage4_cdl,LS,CDL-A,irregular,42,0.1250,10,0,0.88735962,0.44367981,0.52914497,0.00000000,0.29535405,0.88735962,0.0147
stage4_cdl,LMMSE-like,CDL-A,irregular,42,0.1250,10,0,1.86755580,0.93377790,0.74623999,0.00000000,0.81278518,1.86755580,1.6506
stage4_cdl,Enhanced-DnCNN,CDL-A,irregular,42,0.1250,10,0,0.88730550,0.44365275,0.52912168,0.00005369,0.29548943,0.88730550,0.2399
stage4_cdl,PICASSO-rec,CDL-A,irregular,42,0.1250,10,0,0.85961492,0.42980746,0.52044994,0.01441615,0.39821021,0.85961492,0.4548
stage4_cdl,PICASSO-rec-physics,CDL-A,irregular,42,0.1250,10,0,0.86927138,0.43463569,0.52332970,0.00779440,0.34191801,0.86927138,0.4589
stage4_cdl,LS,CDL-A,irregular,42,0.1250,10,60,0.88760397,0.44380198,0.52920607,0.00000000,0.29522968,0.88760397,0.0182
stage4_cdl,LMMSE-like,CDL-A,irregular,42,0.1250,10,60,1.87005085,0.93502542,0.74675506,0.00000000,0.81212859,1.87005085,1.6154
stage4_cdl,Enhanced-DnCNN,CDL-A,irregular,42,0.1250,10,60,0.88743077,0.44371539,0.52914681,0.00002673,0.29541838,0.88743077,0.2474
stage4_cdl,PICASSO-rec,CDL-A,irregular,42,0.1250,10,60,0.86898398,0.43449199,0.52327351,0.00882059,0.34948073,0.86898398,0.4650
stage4_cdl,PICASSO-rec-physics,CDL-A,irregular,42,0.1250,10,60,0.87185332,0.43592666,0.52405620,0.00721423,0.33064337,0.87185332,0.4450
stage4_cdl,LS,CDL-A,irregular,42,0.1250,10,120,0.88793319,0.44396660,0.52944788,0.00000000,0.29530311,0.32347366,0.0185
stage4_cdl,LMMSE-like,CDL-A,irregular,42,0.1250,10,120,1.86945698,0.93472849,0.74644648,0.00000000,0.81169698,0.68101132,1.5249
stage4_cdl,Enhanced-DnCNN,CDL-A,irregular,42,0.1250,10,120,0.88773477,0.44386739,0.52938807,0.00001618,0.29545507,0.32340120,0.2435
stage4_cdl,PICASSO-rec,CDL-A,irregular,42,0.1250,10,120,0.87084210,0.43542105,0.52401631,0.00795470,0.33705568,0.31724241,0.4628
stage4_cdl,PICASSO-rec-physics,CDL-A,irregular,42,0.1250,10,120,0.86558680,0.43279340,0.52221207,0.00809513,0.35682195,0.31532858,0.4480
stage4_cdl,LS,CDL-A,irregular,42,0.1250,30,0,0.87510560,0.43755280,0.50923464,0.00000000,0.29887144,0.87510560,0.0141
stage4_cdl,LMMSE-like,CDL-A,irregular,42,0.1250,30,0,1.77838597,0.88919298,0.71176399,0.00000000,0.81243129,1.77838597,1.6034
stage4_cdl,Enhanced-DnCNN,CDL-A,irregular,42,0.1250,30,0,0.87496702,0.43748351,0.50923751,0.00002049,0.29900281,0.87496702,0.2508
stage4_cdl,PICASSO-rec,CDL-A,irregular,42,0.1250,30,0,0.86352856,0.43176428,0.50842121,0.00268835,0.32278311,0.86352856,0.4527
stage4_cdl,PICASSO-rec-physics,CDL-A,irregular,42,0.1250,30,0,0.85926501,0.42963251,0.50684109,0.00239052,0.33153185,0.85926501,0.4489
stage4_cdl,LS,CDL-A,irregular,42,0.1250,30,60,0.87537591,0.43768796,0.50931717,0.00000000,0.29886591,0.87537591,0.0158
stage4_cdl,LMMSE-like,CDL-A,irregular,42,0.1250,30,60,1.77639863,0.88819931,0.71128114,0.00000000,0.81216832,1.77639863,1.5483
stage4_cdl,Enhanced-DnCNN,CDL-A,irregular,42,0.1250,30,60,0.87525319,0.43762659,0.50932792,0.00002216,0.29900704,0.87525319,0.2473
stage4_cdl,PICASSO-rec,CDL-A,irregular,42,0.1250,30,60,0.86589547,0.43294773,0.50881618,0.00228418,0.31673174,0.86589547,0.4524
stage4_cdl,PICASSO-rec-physics,CDL-A,irregular,42,0.1250,30,60,0.87150037,0.43575019,0.51068918,0.00211416,0.30644652,0.87150037,0.4570
stage4_cdl,LS,CDL-A,irregular,42,0.1250,30,120,0.87574060,0.43787030,0.50958852,0.00000000,0.29881353,0.31903115,0.0142
stage4_cdl,LMMSE-like,CDL-A,irregular,42,0.1250,30,120,1.77382031,0.88691016,0.71050194,0.00000000,0.81216139,0.64616790,1.5937
stage4_cdl,Enhanced-DnCNN,CDL-A,irregular,42,0.1250,30,120,0.87547629,0.43773814,0.50953613,0.00001092,0.29899310,0.31893478,0.2457
stage4_cdl,PICASSO-rec,CDL-A,irregular,42,0.1250,30,120,0.85736866,0.42868433,0.50661205,0.00309104,0.34168997,0.31233715,0.4525
stage4_cdl,PICASSO-rec-physics,CDL-A,irregular,42,0.1250,30,120,0.86460389,0.43230195,0.50838472,0.00197047,0.31788999,0.31497397,0.4536
stage4_cdl,LS,CDL-A,block,42,0.0625,0,0,0.99907972,0.49953986,0.57799414,0.00000000,0.24452519,0.99907972,0.0166
stage4_cdl,LMMSE-like,CDL-A,block,42,0.0625,0,0,2.85631871,1.42815936,0.95267674,0.00000000,0.91197640,2.85631871,1.8613
stage4_cdl,Enhanced-DnCNN,CDL-A,block,42,0.0625,0,0,0.99888735,0.49944367,0.57794029,0.00001642,0.24457959,0.99888735,0.2396
stage4_cdl,PICASSO-rec,CDL-A,block,42,0.0625,0,0,0.97411920,0.48705960,0.56987536,0.12517103,0.25963404,0.97411920,0.4517
stage4_cdl,PICASSO-rec-physics,CDL-A,block,42,0.0625,0,0,0.98628442,0.49314221,0.57415949,0.02658365,0.24776644,0.98628442,0.4620
stage4_cdl,LS,CDL-A,block,42,0.0625,0,60,0.99908234,0.49954117,0.57799760,0.00000000,0.24421127,0.99908234,0.0178
stage4_cdl,LMMSE-like,CDL-A,block,42,0.0625,0,60,2.84265089,1.42132545,0.94986452,0.00000000,0.91030246,2.84265089,1.6275
stage4_cdl,Enhanced-DnCNN,CDL-A,block,42,0.0625,0,60,0.99880788,0.49940394,0.57792075,0.00001695,0.24425754,0.99880788,0.2436
stage4_cdl,PICASSO-rec,CDL-A,block,42,0.0625,0,60,0.97942044,0.48971022,0.57189858,0.06872444,0.25424854,0.97942044,0.4540
stage4_cdl,PICASSO-rec-physics,CDL-A,block,42,0.0625,0,60,0.98394261,0.49197131,0.57343619,0.03831130,0.25267949,0.98394261,0.4503
stage4_cdl,LS,CDL-A,block,42,0.0625,0,120,0.99908465,0.49954233,0.57808754,0.00000000,0.24422348,0.36396676,0.0139
stage4_cdl,LMMSE-like,CDL-A,block,42,0.0625,0,120,2.84590167,1.42295083,0.95110551,0.00000000,0.91064298,1.03666341,1.7319
stage4_cdl,Enhanced-DnCNN,CDL-A,block,42,0.0625,0,120,0.99897887,0.49948943,0.57805219,0.00004582,0.24432997,0.36392821,0.2483
stage4_cdl,PICASSO-rec,CDL-A,block,42,0.0625,0,120,0.98110919,0.49055459,0.57255860,0.07157506,0.25061681,0.35741761,0.4624
stage4_cdl,PICASSO-rec-physics,CDL-A,block,42,0.0625,0,120,0.98055981,0.49027991,0.57243879,0.04642235,0.24945418,0.35721897,0.4545
stage4_cdl,LS,CDL-A,block,42,0.0625,10,0,0.94324517,0.47162259,0.55405830,0.00000000,0.28140124,0.94324517,0.0153
stage4_cdl,LMMSE-like,CDL-A,block,42,0.0625,10,0,1.94972140,0.97486070,0.78167556,0.00000000,0.91218081,1.94972140,1.6927
stage4_cdl,Enhanced-DnCNN,CDL-A,block,42,0.0625,10,0,0.94334437,0.47167218,0.55408269,0.00009429,0.28134286,0.94334437,0.2603
stage4_cdl,PICASSO-rec,CDL-A,block,42,0.0625,10,0,0.94307025,0.47153512,0.55405249,0.00742369,0.28816548,0.94307025,0.4680
stage4_cdl,PICASSO-rec-physics,CDL-A,block,42,0.0625,10,0,0.94379824,0.47189912,0.55428937,0.00584402,0.28317660,0.94379824,0.4656
stage4_cdl,LS,CDL-A,block,42,0.0625,10,60,0.94325343,0.47162671,0.55406167,0.00000000,0.28224837,0.94325343,0.0185
stage4_cdl,LMMSE-like,CDL-A,block,42,0.0625,10,60,1.94530639,0.97265320,0.78049283,0.00000000,0.91164936,1.94530639,1.5808
stage4_cdl,Enhanced-DnCNN,CDL-A,block,42,0.0625,10,60,0.94328091,0.47164045,0.55407105,0.00001898,0.28223740,0.94328091,0.2427
stage4_cdl,PICASSO-rec,CDL-A,block,42,0.0625,10,60,0.94304490,0.47152245,0.55402038,0.00666357,0.28712761,0.94304490,0.4546
stage4_cdl,PICASSO-rec-physics,CDL-A,block,42,0.0625,10,60,0.94334614,0.47167307,0.55413723,0.00632345,0.28473080,0.94334614,0.4469
stage4_cdl,LS,CDL-A,block,42,0.0625,10,120,0.94329749,0.47164875,0.55416019,0.00000000,0.28303067,0.34364165,0.0161
stage4_cdl,LMMSE-like,CDL-A,block,42,0.0625,10,120,1.94626859,0.97313429,0.78091358,0.00000000,0.91183421,0.70897169,1.6616
stage4_cdl,Enhanced-DnCNN,CDL-A,block,42,0.0625,10,120,0.94333529,0.47166765,0.55417039,0.00001784,0.28309546,0.34365541,0.2426
stage4_cdl,PICASSO-rec,CDL-A,block,42,0.0625,10,120,0.94302216,0.47151108,0.55415389,0.00603388,0.28832304,0.34354120,0.4583
stage4_cdl,PICASSO-rec-physics,CDL-A,block,42,0.0625,10,120,0.94239599,0.47119799,0.55376051,0.00681116,0.28916669,0.34331325,0.4570
stage4_cdl,LS,CDL-A,block,42,0.0625,30,0,0.93710141,0.46855070,0.54411966,0.00000000,0.29378435,0.93710141,0.0131
stage4_cdl,LMMSE-like,CDL-A,block,42,0.0625,30,0,1.85035053,0.92517526,0.75395629,0.00000000,0.91289409,1.85035053,2.0223
stage4_cdl,Enhanced-DnCNN,CDL-A,block,42,0.0625,30,0,0.93711482,0.46855741,0.54413199,0.00001493,0.29375344,0.93711482,0.2525
stage4_cdl,PICASSO-rec,CDL-A,block,42,0.0625,30,0,0.93727985,0.46863993,0.54595406,0.00336511,0.29740585,0.93727985,0.4572
stage4_cdl,PICASSO-rec-physics,CDL-A,block,42,0.0625,30,0,0.93838623,0.46919312,0.54692112,0.00549405,0.29776719,0.93838623,0.4541
stage4_cdl,LS,CDL-A,block,42,0.0625,30,60,0.93711028,0.46855514,0.54412302,0.00000000,0.29400357,0.93711028,0.0163
stage4_cdl,LMMSE-like,CDL-A,block,42,0.0625,30,60,1.84976536,0.92488268,0.75360872,0.00000000,0.91260684,1.84976536,1.7148
stage4_cdl,Enhanced-DnCNN,CDL-A,block,42,0.0625,30,60,0.93707880,0.46853940,0.54411739,0.00000539,0.29415576,0.93707880,0.2474
stage4_cdl,PICASSO-rec,CDL-A,block,42,0.0625,30,60,0.93740579,0.46870290,0.54587372,0.00299791,0.29513936,0.93740579,0.4528
stage4_cdl,PICASSO-rec-physics,CDL-A,block,42,0.0625,30,60,0.93808846,0.46904423,0.54636353,0.00383819,0.29255942,0.93808846,0.4680
stage4_cdl,LS,CDL-A,block,42,0.0625,30,120,0.93715894,0.46857947,0.54422508,0.00000000,0.29436465,0.34140518,0.0145
stage4_cdl,LMMSE-like,CDL-A,block,42,0.0625,30,120,1.84956121,0.92478061,0.75369197,0.00000000,0.91248986,0.67378119,1.6390
stage4_cdl,Enhanced-DnCNN,CDL-A,block,42,0.0625,30,120,0.93722768,0.46861384,0.54440235,0.00015565,0.29418352,0.34143016,0.2518
stage4_cdl,PICASSO-rec,CDL-A,block,42,0.0625,30,120,0.93712300,0.46856150,0.54598318,0.00328470,0.29773120,0.34139131,0.4519
stage4_cdl,PICASSO-rec-physics,CDL-A,block,42,0.0625,30,120,0.93815467,0.46907733,0.54675302,0.00468955,0.29444024,0.34176773,0.4646
stage4_cdl,LS,CDL-B,irregular,42,0.5000,0,0,0.99966840,0.49983420,0.56934769,0.00000000,0.36302553,0.99966840,0.0147
stage4_cdl,LMMSE-like,CDL-B,irregular,42,0.5000,0,0,1.64371657,0.82185829,0.70848194,0.00000000,0.50441913,1.64371657,1.5976
stage4_cdl,Enhanced-DnCNN,CDL-B,irregular,42,0.5000,0,0,0.99468017,0.49734008,0.56792460,0.00006060,0.36338459,0.99468017,0.2524
stage4_cdl,PICASSO-rec,CDL-B,irregular,42,0.5000,0,0,0.77401315,0.38700657,0.49666667,0.13575489,0.39672307,0.77401315,0.4647
stage4_cdl,PICASSO-rec-physics,CDL-B,irregular,42,0.5000,0,0,0.82631490,0.41315745,0.51559070,0.05013454,0.38622560,0.82631490,0.4634
stage4_cdl,LS,CDL-B,irregular,42,0.5000,0,60,0.99967036,0.49983518,0.56942394,0.00000000,0.36259277,0.99967036,0.0248
stage4_cdl,LMMSE-like,CDL-B,irregular,42,0.5000,0,60,1.64296231,0.82148115,0.70847504,0.00000000,0.50639002,1.64296231,1.6603
stage4_cdl,Enhanced-DnCNN,CDL-B,irregular,42,0.5000,0,60,0.99522981,0.49761491,0.56816827,0.00006249,0.36288807,0.99522981,0.2440
stage4_cdl,PICASSO-rec,CDL-B,irregular,42,0.5000,0,60,0.74987891,0.37493946,0.48840313,0.18280510,0.41157126,0.74987891,0.4520
stage4_cdl,PICASSO-rec-physics,CDL-B,irregular,42,0.5000,0,60,0.82843427,0.41421714,0.51649141,0.04747100,0.38675057,0.82843427,0.4573
stage4_cdl,LS,CDL-B,irregular,42,0.5000,0,120,0.99967022,0.49983511,0.56932279,0.00000000,0.36328934,0.35858900,0.0151
stage4_cdl,LMMSE-like,CDL-B,irregular,42,0.5000,0,120,1.64196333,0.82098167,0.70840614,0.00000000,0.50790419,0.58902618,1.6646
stage4_cdl,Enhanced-DnCNN,CDL-B,irregular,42,0.5000,0,120,0.99758506,0.49879253,0.56872407,0.00007293,0.36337122,0.35784116,0.2446
stage4_cdl,PICASSO-rec,CDL-B,irregular,42,0.5000,0,120,0.74150495,0.37075248,0.48547943,0.21412041,0.41602845,0.26599906,0.4511
stage4_cdl,PICASSO-rec-physics,CDL-B,irregular,42,0.5000,0,120,0.81626414,0.40813207,0.51235694,0.05253489,0.39182765,0.29280970,0.4554
stage4_cdl,LS,CDL-B,irregular,42,0.5000,10,0,0.55079067,0.27539533,0.37674736,0.00000000,0.45807035,0.55079067,0.0163
stage4_cdl,LMMSE-like,CDL-B,irregular,42,0.5000,10,0,0.86634725,0.43317363,0.45108243,0.00000000,0.56761412,0.86634725,1.6559
stage4_cdl,Enhanced-DnCNN,CDL-B,irregular,42,0.5000,10,0,0.55032183,0.27516092,0.37661512,0.00003253,0.45853559,0.55032183,0.2646
stage4_cdl,PICASSO-rec,CDL-B,irregular,42,0.5000,10,0,0.52482191,0.26241095,0.36864451,0.00741200,0.48405133,0.52482191,0.4564
stage4_cdl,PICASSO-rec-physics,CDL-B,irregular,42,0.5000,10,0,0.52753834,0.26376917,0.36908835,0.00667135,0.48126066,0.52753834,0.4547
stage4_cdl,LS,CDL-B,irregular,42,0.5000,10,60,0.55077420,0.27538710,0.37681978,0.00000000,0.45802167,0.55077420,0.0176
stage4_cdl,LMMSE-like,CDL-B,irregular,42,0.5000,10,60,0.86607735,0.43303867,0.45110948,0.00000000,0.56831682,0.86607735,1.7382
stage4_cdl,Enhanced-DnCNN,CDL-B,irregular,42,0.5000,10,60,0.55041806,0.27520903,0.37670846,0.00005801,0.45840774,0.55041806,0.2425
stage4_cdl,PICASSO-rec,CDL-B,irregular,42,0.5000,10,60,0.51678985,0.25839493,0.36629406,0.01027717,0.49416260,0.51678985,0.4606
stage4_cdl,PICASSO-rec-physics,CDL-B,irregular,42,0.5000,10,60,0.52337809,0.26168904,0.36751755,0.00762382,0.48665608,0.52337809,0.4535
stage4_cdl,LS,CDL-B,irregular,42,0.5000,10,120,0.55074315,0.27537157,0.37671191,0.00000000,0.45863350,0.19755674,0.0179
stage4_cdl,LMMSE-like,CDL-B,irregular,42,0.5000,10,120,0.86567053,0.43283527,0.45109335,0.00000000,0.56953351,0.31058014,1.6161
stage4_cdl,Enhanced-DnCNN,CDL-B,irregular,42,0.5000,10,120,0.55074430,0.27537215,0.37676467,0.00006379,0.45878944,0.19755739,0.2688
stage4_cdl,PICASSO-rec,CDL-B,irregular,42,0.5000,10,120,0.50515029,0.25257514,0.36299956,0.01434937,0.51110937,0.18121762,0.4669
stage4_cdl,PICASSO-rec-physics,CDL-B,irregular,42,0.5000,10,120,0.52622651,0.26311325,0.36848381,0.00715686,0.48351285,0.18877080,0.4474
stage4_cdl,LS,CDL-B,irregular,42,0.5000,30,0,0.50141795,0.25070897,0.29677381,0.00000000,0.48199254,0.50141795,0.0132
stage4_cdl,LMMSE-like,CDL-B,irregular,42,0.5000,30,0,0.78069766,0.39034883,0.36329845,0.00000000,0.58365518,0.78069766,1.6497
stage4_cdl,Enhanced-DnCNN,CDL-B,irregular,42,0.5000,30,0,0.50114134,0.25057067,0.29708367,0.00004724,0.48237446,0.50114134,0.2448
stage4_cdl,PICASSO-rec,CDL-B,irregular,42,0.5000,30,0,0.49640702,0.24820351,0.30847871,0.00298302,0.48911896,0.49640702,0.4505
stage4_cdl,PICASSO-rec-physics,CDL-B,irregular,42,0.5000,30,0,0.48958237,0.24479119,0.30620658,0.00290923,0.49548738,0.48958237,0.4525
stage4_cdl,LS,CDL-B,irregular,42,0.5000,30,60,0.50139944,0.25069972,0.29684464,0.00000000,0.48207340,0.50139944,0.0133
stage4_cdl,LMMSE-like,CDL-B,irregular,42,0.5000,30,60,0.78063975,0.39031988,0.36341166,0.00000000,0.58346345,0.78063975,1.5772
stage4_cdl,Enhanced-DnCNN,CDL-B,irregular,42,0.5000,30,60,0.50025487,0.25012743,0.29662307,0.00001330,0.48308049,0.50025487,0.2506
stage4_cdl,PICASSO-rec,CDL-B,irregular,42,0.5000,30,60,0.48739919,0.24369960,0.30765220,0.00362140,0.49824055,0.48739919,0.4580
stage4_cdl,PICASSO-rec-physics,CDL-B,irregular,42,0.5000,30,60,0.49236330,0.24618165,0.30843637,0.00335870,0.49313746,0.49236330,0.4516
stage4_cdl,LS,CDL-B,irregular,42,0.5000,30,120,0.50136495,0.25068247,0.29673398,0.00000000,0.48201887,0.17984455,0.0128
stage4_cdl,LMMSE-like,CDL-B,irregular,42,0.5000,30,120,0.78049730,0.39024865,0.36328554,0.00000000,0.58344652,0.28003449,1.5833
stage4_cdl,Enhanced-DnCNN,CDL-B,irregular,42,0.5000,30,120,0.50068411,0.25034206,0.29683013,0.00003419,0.48269295,0.17960057,0.2538
stage4_cdl,PICASSO-rec,CDL-B,irregular,42,0.5000,30,120,0.48601908,0.24300954,0.30636659,0.00334595,0.49937892,0.17434379,0.4681
stage4_cdl,PICASSO-rec-physics,CDL-B,irregular,42,0.5000,30,120,0.49305961,0.24652981,0.30829030,0.00327188,0.49217598,0.17686740,0.4640
stage4_cdl,LS,CDL-B,block,42,0.2500,0,0,0.99921122,0.49960561,0.57166682,0.00000000,0.35156766,0.99921122,0.0182
stage4_cdl,LMMSE-like,CDL-B,block,42,0.2500,0,0,2.17694545,1.08847272,0.81952944,0.00000000,0.73925564,2.17694545,1.5790
stage4_cdl,Enhanced-DnCNN,CDL-B,block,42,0.2500,0,0,0.99805495,0.49902748,0.57134265,0.00022607,0.35172188,0.99805495,0.2380
stage4_cdl,PICASSO-rec,CDL-B,block,42,0.2500,0,0,0.89672354,0.44836177,0.53885199,0.12860828,0.36827318,0.89672354,0.4505
stage4_cdl,PICASSO-rec-physics,CDL-B,block,42,0.2500,0,0,0.93705891,0.46852946,0.55281766,0.03638965,0.35908044,0.93705891,0.4461
stage4_cdl,LS,CDL-B,block,42,0.2500,0,60,0.99920645,0.49960323,0.57204118,0.00000000,0.35066316,0.99920645,0.0170
stage4_cdl,LMMSE-like,CDL-B,block,42,0.2500,0,60,2.19851464,1.09925732,0.82474844,0.00000000,0.74060258,2.19851464,1.6098
stage4_cdl,Enhanced-DnCNN,CDL-B,block,42,0.2500,0,60,0.99686247,0.49843124,0.57135999,0.00006697,0.35079093,0.99686247,0.2370
stage4_cdl,PICASSO-rec,CDL-B,block,42,0.2500,0,60,0.92838377,0.46419188,0.55027501,0.06466865,0.35509161,0.92838377,0.4485
stage4_cdl,PICASSO-rec-physics,CDL-B,block,42,0.2500,0,60,0.93651141,0.46825571,0.55292363,0.03542050,0.36107270,0.93651141,0.4494
stage4_cdl,LS,CDL-B,block,42,0.2500,0,120,0.99919656,0.49959828,0.57185112,0.00000000,0.35081908,0.35841710,0.0156
stage4_cdl,LMMSE-like,CDL-B,block,42,0.2500,0,120,2.20691437,1.10345718,0.82550514,0.00000000,0.74116625,0.79158711,1.5672
stage4_cdl,Enhanced-DnCNN,CDL-B,block,42,0.2500,0,120,0.99717262,0.49858631,0.57126638,0.00004007,0.35085966,0.35769109,0.2372
stage4_cdl,PICASSO-rec,CDL-B,block,42,0.2500,0,120,0.88223299,0.44111650,0.53381306,0.23537488,0.38115476,0.31646799,0.4446
stage4_cdl,PICASSO-rec-physics,CDL-B,block,42,0.2500,0,120,0.93358785,0.46679392,0.55184191,0.03951506,0.35866079,0.33488509,0.4410
stage4_cdl,LS,CDL-B,block,42,0.2500,10,0,0.77394858,0.38697429,0.47521584,0.00000000,0.45942307,0.77394858,0.0148
stage4_cdl,LMMSE-like,CDL-B,block,42,0.2500,10,0,1.28622091,0.64311045,0.59469478,0.00000000,0.77417438,1.28622091,1.5340
stage4_cdl,Enhanced-DnCNN,CDL-B,block,42,0.2500,10,0,0.77407070,0.38703535,0.47525785,0.00005524,0.45950993,0.77407070,0.2387
stage4_cdl,PICASSO-rec,CDL-B,block,42,0.2500,10,0,0.77519698,0.38759849,0.47619551,0.00744083,0.45986658,0.77519698,0.4456
stage4_cdl,PICASSO-rec-physics,CDL-B,block,42,0.2500,10,0,0.77464207,0.38732103,0.47573332,0.00546409,0.46029266,0.77464207,0.4455
stage4_cdl,LS,CDL-B,block,42,0.2500,10,60,0.77388087,0.38694043,0.47557652,0.00000000,0.45894772,0.77388087,0.0132
stage4_cdl,LMMSE-like,CDL-B,block,42,0.2500,10,60,1.29369643,0.64684822,0.59662978,0.00000000,0.77518624,1.29369643,1.4979
stage4_cdl,Enhanced-DnCNN,CDL-B,block,42,0.2500,10,60,0.77391993,0.38695996,0.47559614,0.00008695,0.45907065,0.77391993,0.2371
stage4_cdl,PICASSO-rec,CDL-B,block,42,0.2500,10,60,0.77229334,0.38614667,0.47460095,0.00749066,0.46439593,0.77229334,0.4450
stage4_cdl,PICASSO-rec-physics,CDL-B,block,42,0.2500,10,60,0.77317946,0.38658973,0.47518753,0.00750246,0.46427488,0.77317946,0.4455
stage4_cdl,LS,CDL-B,block,42,0.2500,10,120,0.77380218,0.38690109,0.47537099,0.00000000,0.45947226,0.27757327,0.0130
stage4_cdl,LMMSE-like,CDL-B,block,42,0.2500,10,120,1.29703555,0.64851777,0.59704053,0.00000000,0.77584811,0.46520345,1.5930
stage4_cdl,Enhanced-DnCNN,CDL-B,block,42,0.2500,10,120,0.77374351,0.38687176,0.47531480,0.00001874,0.45962152,0.27755230,0.2382
stage4_cdl,PICASSO-rec,CDL-B,block,42,0.2500,10,120,0.77218047,0.38609023,0.47429874,0.00851063,0.46631469,0.27699283,0.4484
stage4_cdl,PICASSO-rec-physics,CDL-B,block,42,0.2500,10,120,0.77352419,0.38676210,0.47521012,0.00620841,0.46290913,0.27747410,0.4518
stage4_cdl,LS,CDL-B,block,42,0.2500,30,0,0.74916886,0.37458443,0.43516707,0.00000000,0.48532434,0.74916886,0.0172
stage4_cdl,LMMSE-like,CDL-B,block,42,0.2500,30,0,1.19011930,0.59505965,0.53910372,0.00000000,0.78366151,1.19011930,1.6837
stage4_cdl,Enhanced-DnCNN,CDL-B,block,42,0.2500,30,0,0.74916078,0.37458039,0.43521322,0.00001169,0.48538414,0.74916078,0.2379
stage4_cdl,PICASSO-rec,CDL-B,block,42,0.2500,30,0,0.75046311,0.37523156,0.44173533,0.00261235,0.48511726,0.75046311,0.4464
stage4_cdl,PICASSO-rec-physics,CDL-B,block,42,0.2500,30,0,0.75102828,0.37551414,0.44305196,0.00338032,0.48438744,0.75102828,0.4456
stage4_cdl,LS,CDL-B,block,42,0.2500,30,60,0.74909420,0.37454710,0.43552206,0.00000000,0.48548572,0.74909420,0.0137
stage4_cdl,LMMSE-like,CDL-B,block,42,0.2500,30,60,1.19183290,0.59591645,0.53937574,0.00000000,0.78412868,1.19183290,1.5428
stage4_cdl,Enhanced-DnCNN,CDL-B,block,42,0.2500,30,60,0.74916497,0.37458248,0.43615891,0.00015497,0.48565756,0.74916497,0.2455
stage4_cdl,PICASSO-rec,CDL-B,block,42,0.2500,30,60,0.75114699,0.37557349,0.44384768,0.00365764,0.48412764,0.75114699,0.4464
stage4_cdl,PICASSO-rec-physics,CDL-B,block,42,0.2500,30,60,0.75147255,0.37573627,0.44441078,0.00403665,0.48552815,0.75147255,0.4463
stage4_cdl,LS,CDL-B,block,42,0.2500,30,120,0.74900794,0.37450397,0.43531007,0.00000000,0.48576088,0.26868013,0.0137
stage4_cdl,LMMSE-like,CDL-B,block,42,0.2500,30,120,1.19318229,0.59659114,0.53961132,0.00000000,0.78399645,0.42794088,1.4927
stage4_cdl,Enhanced-DnCNN,CDL-B,block,42,0.2500,30,120,0.74905744,0.37452872,0.43539763,0.00001841,0.48590919,0.26869776,0.2372
stage4_cdl,PICASSO-rec,CDL-B,block,42,0.2500,30,120,0.75107689,0.37553845,0.44335394,0.00347335,0.48517473,0.26942255,0.4536
stage4_cdl,PICASSO-rec-physics,CDL-B,block,42,0.2500,30,120,0.75181718,0.37590859,0.44360104,0.00348992,0.48532540,0.26968811,0.4413
stage4_cdl,LS,CDL-B,irregular,42,0.1250,0,0,0.99864322,0.49932161,0.57276848,0.00000000,0.28312005,0.99864322,0.0128
stage4_cdl,LMMSE-like,CDL-B,irregular,42,0.1250,0,0,2.40949136,1.20474568,0.86918759,0.00000000,0.82439047,2.40949136,1.5895
stage4_cdl,Enhanced-DnCNN,CDL-B,irregular,42,0.1250,0,0,0.99784087,0.49892043,0.57254176,0.00004656,0.28329559,0.99784087,0.2377
stage4_cdl,PICASSO-rec,CDL-B,irregular,42,0.1250,0,0,0.92982712,0.46491356,0.55073117,0.17428519,0.35416934,0.92982712,0.4448
stage4_cdl,PICASSO-rec-physics,CDL-B,irregular,42,0.1250,0,0,0.94546027,0.47273014,0.55636071,0.05029341,0.32201617,0.94546027,0.4462
stage4_cdl,LS,CDL-B,irregular,42,0.1250,0,60,0.99862199,0.49931099,0.57315597,0.00000000,0.28328768,0.99862199,0.0130
stage4_cdl,LMMSE-like,CDL-B,irregular,42,0.1250,0,60,2.39896810,1.19948405,0.86709861,0.00000000,0.82623532,2.39896810,1.5135
stage4_cdl,Enhanced-DnCNN,CDL-B,irregular,42,0.1250,0,60,0.99805537,0.49902768,0.57297832,0.00004180,0.28350178,0.99805537,0.2409
stage4_cdl,PICASSO-rec,CDL-B,irregular,42,0.1250,0,60,0.93860014,0.46930007,0.55398329,0.10649154,0.33565444,0.93860014,0.4465
stage4_cdl,PICASSO-rec-physics,CDL-B,irregular,42,0.1250,0,60,0.95576169,0.47788084,0.56003836,0.03884594,0.30329823,0.95576169,0.4397
stage4_cdl,LS,CDL-B,irregular,42,0.1250,0,120,0.99860778,0.49930389,0.57298490,0.00000000,0.28257449,0.35820971,0.0137
stage4_cdl,LMMSE-like,CDL-B,irregular,42,0.1250,0,120,2.39286083,1.19643041,0.86542632,0.00000000,0.82651594,0.85831168,1.5615
stage4_cdl,Enhanced-DnCNN,CDL-B,irregular,42,0.1250,0,120,0.99684638,0.49842319,0.57247983,0.00005700,0.28281057,0.35757791,0.2398
stage4_cdl,PICASSO-rec,CDL-B,irregular,42,0.1250,0,120,0.92929757,0.46464878,0.55071782,0.16276227,0.34902645,0.33335784,0.4454
stage4_cdl,PICASSO-rec-physics,CDL-B,irregular,42,0.1250,0,120,0.94465916,0.47232958,0.55645119,0.05102489,0.32095735,0.33886694,0.4452
stage4_cdl,LS,CDL-B,irregular,42,0.1250,10,0,0.88599466,0.44299733,0.52454802,0.00000000,0.29261021,0.88599466,0.0156
stage4_cdl,LMMSE-like,CDL-B,irregular,42,0.1250,10,0,1.55690235,0.77845117,0.68262346,0.00000000,0.83792716,1.55690235,1.6131
stage4_cdl,Enhanced-DnCNN,CDL-B,irregular,42,0.1250,10,0,0.88577318,0.44288659,0.52449200,0.00004194,0.29301832,0.88577318,0.2447
stage4_cdl,PICASSO-rec,CDL-B,irregular,42,0.1250,10,0,0.85587281,0.42793640,0.51558608,0.01293247,0.37680787,0.85587281,0.4478
stage4_cdl,PICASSO-rec-physics,CDL-B,irregular,42,0.1250,10,0,0.86378716,0.43189358,0.51778249,0.00999558,0.35037493,0.86378716,0.4432
stage4_cdl,LS,CDL-B,irregular,42,0.1250,10,60,0.88581602,0.44290801,0.52490053,0.00000000,0.29301722,0.88581602,0.0142
stage4_cdl,LMMSE-like,CDL-B,irregular,42,0.1250,10,60,1.55378082,0.77689041,0.68203336,0.00000000,0.83941750,1.55378082,1.8267
stage4_cdl,Enhanced-DnCNN,CDL-B,irregular,42,0.1250,10,60,0.88568005,0.44284002,0.52484968,0.00004515,0.29349781,0.88568005,0.2373
stage4_cdl,PICASSO-rec,CDL-B,irregular,42,0.1250,10,60,0.85891436,0.42945718,0.51695442,0.01510330,0.36739207,0.85891436,0.4466
stage4_cdl,PICASSO-rec-physics,CDL-B,irregular,42,0.1250,10,60,0.86632705,0.43316352,0.51888287,0.00782934,0.34168901,0.86632705,0.4507
stage4_cdl,LS,CDL-B,irregular,42,0.1250,10,120,0.88566761,0.44283380,0.52469960,0.00000000,0.29267072,0.31769843,0.0145
stage4_cdl,LMMSE-like,CDL-B,irregular,42,0.1250,10,120,1.55199254,0.77599627,0.68138713,0.00000000,0.83986153,0.55668357,1.5950
stage4_cdl,Enhanced-DnCNN,CDL-B,irregular,42,0.1250,10,120,0.88559231,0.44279616,0.52467242,0.00006544,0.29318791,0.31767135,0.2500
stage4_cdl,PICASSO-rec,CDL-B,irregular,42,0.1250,10,120,0.86738768,0.43369384,0.51914421,0.00755920,0.33671090,0.31114872,0.4529
stage4_cdl,PICASSO-rec-physics,CDL-B,irregular,42,0.1250,10,120,0.85878250,0.42939125,0.51650184,0.00942271,0.36353372,0.30806866,0.4484
stage4_cdl,LS,CDL-B,irregular,42,0.1250,30,0,0.87360363,0.43680181,0.50452581,0.00000000,0.29579430,0.87360363,0.0144
stage4_cdl,LMMSE-like,CDL-B,irregular,42,0.1250,30,0,1.46098560,0.73049280,0.64535645,0.00000000,0.84139545,1.46098560,1.6307
stage4_cdl,Enhanced-DnCNN,CDL-B,irregular,42,0.1250,30,0,0.87361608,0.43680804,0.50464699,0.00005916,0.29645251,0.87361608,0.2420
stage4_cdl,PICASSO-rec,CDL-B,irregular,42,0.1250,30,0,0.86048011,0.43024006,0.50344636,0.00271436,0.32012542,0.86048011,0.4478
stage4_cdl,PICASSO-rec-physics,CDL-B,irregular,42,0.1250,30,0,0.85488842,0.42744421,0.50188245,0.00306773,0.33411115,0.85488842,0.4468
stage4_cdl,LS,CDL-B,irregular,42,0.1250,30,60,0.87340763,0.43670382,0.50486366,0.00000000,0.29569866,0.87340763,0.0131
stage4_cdl,LMMSE-like,CDL-B,irregular,42,0.1250,30,60,1.46129739,0.73064870,0.64535706,0.00000000,0.84176995,1.46129739,1.6097
stage4_cdl,Enhanced-DnCNN,CDL-B,irregular,42,0.1250,30,60,0.87339374,0.43669687,0.50490710,0.00002786,0.29604182,0.87339374,0.2389
stage4_cdl,PICASSO-rec,CDL-B,irregular,42,0.1250,30,60,0.86168849,0.43084425,0.50379598,0.00228687,0.31647114,0.86168849,0.4443
stage4_cdl,PICASSO-rec-physics,CDL-B,irregular,42,0.1250,30,60,0.86461048,0.43230524,0.50495698,0.00240606,0.31500991,0.86461048,0.4481
stage4_cdl,LS,CDL-B,irregular,42,0.1250,30,120,0.87324445,0.43662222,0.50465032,0.00000000,0.29555521,0.31324226,0.0134
stage4_cdl,LMMSE-like,CDL-B,irregular,42,0.1250,30,120,1.46160361,0.73080181,0.64529736,0.00000000,0.84181328,0.52425744,1.5217
stage4_cdl,Enhanced-DnCNN,CDL-B,irregular,42,0.1250,30,120,0.87296723,0.43648361,0.50463593,0.00003785,0.29610531,0.31314285,0.2444
stage4_cdl,PICASSO-rec,CDL-B,irregular,42,0.1250,30,120,0.85162213,0.42581107,0.50137687,0.00367785,0.33992497,0.30549449,0.4485
stage4_cdl,PICASSO-rec-physics,CDL-B,irregular,42,0.1250,30,120,0.86033627,0.43016814,0.50323640,0.00218688,0.31895259,0.30861823,0.4468
stage4_cdl,LS,CDL-B,block,42,0.0625,0,0,0.99918430,0.49959215,0.57362732,0.00000000,0.23610519,0.99918430,0.0129
stage4_cdl,LMMSE-like,CDL-B,block,42,0.0625,0,0,2.50056553,1.25028276,0.88878500,0.00000000,0.92101677,2.50056553,1.6269
stage4_cdl,Enhanced-DnCNN,CDL-B,block,42,0.0625,0,0,0.99899481,0.49949741,0.57357185,0.00001129,0.23620312,0.99899481,0.2382
stage4_cdl,PICASSO-rec,CDL-B,block,42,0.0625,0,0,0.97485229,0.48742615,0.56589086,0.11630083,0.25514630,0.97485229,0.4419
stage4_cdl,PICASSO-rec-physics,CDL-B,block,42,0.0625,0,0,0.98735619,0.49367809,0.57006715,0.02432978,0.24141856,0.98735619,0.4429
stage4_cdl,LS,CDL-B,block,42,0.0625,0,60,0.99918027,0.49959014,0.57404308,0.00000000,0.23745304,0.99918027,0.0140
stage4_cdl,LMMSE-like,CDL-B,block,42,0.0625,0,60,2.50987220,1.25493610,0.89037697,0.00000000,0.92093271,2.50987220,1.6169
stage4_cdl,Enhanced-DnCNN,CDL-B,block,42,0.0625,0,60,0.99893285,0.49946643,0.57396725,0.00001917,0.23763880,0.99893285,0.2513
stage4_cdl,PICASSO-rec,CDL-B,block,42,0.0625,0,60,0.98217148,0.49108574,0.56880555,0.05870274,0.24357114,0.98217148,0.4429
stage4_cdl,PICASSO-rec-physics,CDL-B,block,42,0.0625,0,60,0.98562974,0.49281487,0.56995802,0.03327571,0.24532371,0.98562974,0.4482
stage4_cdl,LS,CDL-B,block,42,0.0625,0,120,0.99917272,0.49958636,0.57384673,0.00000000,0.23597214,0.35841183,0.0145
stage4_cdl,LMMSE-like,CDL-B,block,42,0.0625,0,120,2.50908905,1.25454453,0.89026059,0.00000000,0.91972567,0.89983456,1.6409
stage4_cdl,Enhanced-DnCNN,CDL-B,block,42,0.0625,0,120,0.99905086,0.49952543,0.57380918,0.00004568,0.23622172,0.35836823,0.2410
stage4_cdl,PICASSO-rec,CDL-B,block,42,0.0625,0,120,0.98029105,0.49014553,0.56800878,0.06818540,0.24984883,0.35163984,0.4427
stage4_cdl,PICASSO-rec-physics,CDL-B,block,42,0.0625,0,120,0.98036821,0.49018411,0.56805003,0.04535400,0.24836304,0.35166725,0.4492
stage4_cdl,LS,CDL-B,block,42,0.0625,10,0,0.94337700,0.47168850,0.54967490,0.00000000,0.25478490,0.94337700,0.0176
stage4_cdl,LMMSE-like,CDL-B,block,42,0.0625,10,0,1.59020954,0.79510477,0.70086697,0.00000000,0.92729007,1.59020954,1.6662
stage4_cdl,Enhanced-DnCNN,CDL-B,block,42,0.0625,10,0,0.94336115,0.47168057,0.54968207,0.00008796,0.25574985,0.94336115,0.2374
stage4_cdl,PICASSO-rec,CDL-B,block,42,0.0625,10,0,0.94303486,0.47151743,0.54963806,0.00704597,0.26482452,0.94303486,0.4414
stage4_cdl,PICASSO-rec-physics,CDL-B,block,42,0.0625,10,0,0.94319549,0.47159775,0.54969637,0.00579457,0.26212448,0.94319549,0.4477
stage4_cdl,LS,CDL-B,block,42,0.0625,10,60,0.94342080,0.47171040,0.55009864,0.00000000,0.25452475,0.94342080,0.0151
stage4_cdl,LMMSE-like,CDL-B,block,42,0.0625,10,60,1.59386536,0.79693268,0.70080644,0.00000000,0.92613989,1.59386536,1.7060
stage4_cdl,Enhanced-DnCNN,CDL-B,block,42,0.0625,10,60,0.94343184,0.47171592,0.55010077,0.00001827,0.25497203,0.94343184,0.2348
stage4_cdl,PICASSO-rec,CDL-B,block,42,0.0625,10,60,0.94282821,0.47141410,0.54990368,0.00723155,0.26545367,0.94282821,0.4426
stage4_cdl,PICASSO-rec-physics,CDL-B,block,42,0.0625,10,60,0.94355381,0.47177690,0.55013983,0.00562204,0.26047058,0.94355381,0.4547
stage4_cdl,LS,CDL-B,block,42,0.0625,10,120,0.94340542,0.47170271,0.54989830,0.00000000,0.25411433,0.33840893,0.0134
stage4_cdl,LMMSE-like,CDL-B,block,42,0.0625,10,120,1.59453765,0.79726882,0.70108676,0.00000000,0.92602193,0.57187180,1.6418
stage4_cdl,Enhanced-DnCNN,CDL-B,block,42,0.0625,10,120,0.94346847,0.47173423,0.54991101,0.00005506,0.25500384,0.33843154,0.2400
stage4_cdl,PICASSO-rec,CDL-B,block,42,0.0625,10,120,0.94275317,0.47137658,0.54976329,0.00611070,0.26174764,0.33817551,0.4477
stage4_cdl,PICASSO-rec-physics,CDL-B,block,42,0.0625,10,120,0.94235571,0.47117785,0.54942214,0.00635371,0.26508142,0.33803211,0.4453
stage4_cdl,LS,CDL-B,block,42,0.0625,30,0,0.93723613,0.46861807,0.53972939,0.00000000,0.26003331,0.93723613,0.0151
stage4_cdl,LMMSE-like,CDL-B,block,42,0.0625,30,0,1.48894471,0.74447235,0.66992915,0.00000000,0.92728332,1.48894471,1.5329
stage4_cdl,Enhanced-DnCNN,CDL-B,block,42,0.0625,30,0,0.93717307,0.46858653,0.53973690,0.00002411,0.26056006,0.93717307,0.2357
stage4_cdl,PICASSO-rec,CDL-B,block,42,0.0625,30,0,0.93733950,0.46866975,0.54158655,0.00340356,0.26518036,0.93733950,0.4411
stage4_cdl,PICASSO-rec-physics,CDL-B,block,42,0.0625,30,0,0.93872648,0.46936324,0.54247238,0.00502743,0.26893177,0.93872648,0.4448
stage4_cdl,LS,CDL-B,block,42,0.0625,30,60,0.93728520,0.46864260,0.54015650,0.00000000,0.26013219,0.93728520,0.0133
stage4_cdl,LMMSE-like,CDL-B,block,42,0.0625,30,60,1.48991492,0.74495746,0.66946749,0.00000000,0.92793608,1.48991492,1.5035
stage4_cdl,Enhanced-DnCNN,CDL-B,block,42,0.0625,30,60,0.93724506,0.46862253,0.54014756,0.00000624,0.26044390,0.93724506,0.2398
stage4_cdl,PICASSO-rec,CDL-B,block,42,0.0625,30,60,0.93712071,0.46856035,0.54180723,0.00313123,0.26591530,0.93712071,0.4433
stage4_cdl,PICASSO-rec-physics,CDL-B,block,42,0.0625,30,60,0.93749890,0.46874945,0.54214306,0.00373726,0.26592576,0.93749890,0.4454
stage4_cdl,LS,CDL-B,block,42,0.0625,30,120,0.93726900,0.46863450,0.53995444,0.00000000,0.26039084,0.33620788,0.0126
stage4_cdl,LMMSE-like,CDL-B,block,42,0.0625,30,120,1.49114245,0.74557123,0.67008829,0.00000000,0.92821391,0.53481066,1.5120
stage4_cdl,Enhanced-DnCNN,CDL-B,block,42,0.0625,30,120,0.93726584,0.46863292,0.53999837,0.00004937,0.26103169,0.33620683,0.2399
stage4_cdl,PICASSO-rec,CDL-B,block,42,0.0625,30,120,0.93693657,0.46846829,0.54155973,0.00317547,0.26780491,0.33608904,0.4483
stage4_cdl,PICASSO-rec-physics,CDL-B,block,42,0.0625,30,120,0.93862762,0.46931381,0.54253994,0.00451154,0.26573838,0.33669542,0.4504
stage4_cdl,LS,CDL-C,irregular,42,0.5000,0,0,0.99957119,0.49978559,0.56933124,0.00000000,0.37728176,0.99957119,0.0152
stage4_cdl,LMMSE-like,CDL-C,irregular,42,0.5000,0,0,1.68604028,0.84302014,0.71650395,0.00000000,0.48843145,1.68604028,1.6892
stage4_cdl,Enhanced-DnCNN,CDL-C,irregular,42,0.5000,0,0,0.99491872,0.49745936,0.56800777,0.00006966,0.37744778,0.99491872,0.2386
stage4_cdl,PICASSO-rec,CDL-C,irregular,42,0.5000,0,0,0.79149735,0.39574867,0.50244780,0.13620884,0.38873835,0.79149735,0.4464
stage4_cdl,PICASSO-rec-physics,CDL-C,irregular,42,0.5000,0,0,0.83906546,0.41953273,0.51975508,0.05007152,0.38861421,0.83906546,0.4504
stage4_cdl,LS,CDL-C,irregular,42,0.5000,0,60,0.99957208,0.49978604,0.56911710,0.00000000,0.37719056,0.99957208,0.0184
stage4_cdl,LMMSE-like,CDL-C,irregular,42,0.5000,0,60,1.68860909,0.84430455,0.71681152,0.00000000,0.48930100,1.68860909,1.6616
stage4_cdl,Enhanced-DnCNN,CDL-C,irregular,42,0.5000,0,60,0.99514459,0.49757230,0.56785823,0.00006480,0.37732739,0.99514459,0.2368
stage4_cdl,PICASSO-rec,CDL-C,irregular,42,0.5000,0,60,0.77276404,0.38638202,0.49591165,0.18163137,0.40113172,0.77276404,0.4446
stage4_cdl,PICASSO-rec-physics,CDL-C,irregular,42,0.5000,0,60,0.84022607,0.42011303,0.52012393,0.04741325,0.38959001,0.84022607,0.4476
stage4_cdl,LS,CDL-C,irregular,42,0.5000,0,120,0.99957365,0.49978682,0.56914902,0.00000000,0.37760872,0.35648128,0.0132
stage4_cdl,LMMSE-like,CDL-C,irregular,42,0.5000,0,120,1.69535020,0.84767510,0.71857761,0.00000000,0.49107964,0.60455346,1.4960
stage4_cdl,Enhanced-DnCNN,CDL-C,irregular,42,0.5000,0,120,0.99752842,0.49876421,0.56856354,0.00008934,0.37767339,0.35575176,0.2355
stage4_cdl,PICASSO-rec,CDL-C,irregular,42,0.5000,0,120,0.76712692,0.38356346,0.49410430,0.20547168,0.40021110,0.27358587,0.4419
stage4_cdl,PICASSO-rec-physics,CDL-C,irregular,42,0.5000,0,120,0.83442359,0.41721179,0.51810865,0.05090049,0.38975561,0.29758247,0.4472
stage4_cdl,LS,CDL-C,irregular,42,0.5000,10,0,0.54977691,0.27488846,0.37653036,0.00000000,0.49296677,0.54977691,0.0127
stage4_cdl,LMMSE-like,CDL-C,irregular,42,0.5000,10,0,0.91201089,0.45600545,0.46089111,0.00000000,0.54696259,0.91201089,1.5571
stage4_cdl,Enhanced-DnCNN,CDL-C,irregular,42,0.5000,10,0,0.54954295,0.27477147,0.37647967,0.00003693,0.49324384,0.54954295,0.2396
stage4_cdl,PICASSO-rec,CDL-C,irregular,42,0.5000,10,0,0.53834212,0.26917106,0.37305830,0.00688367,0.50553371,0.53834212,0.4467
stage4_cdl,PICASSO-rec-physics,CDL-C,irregular,42,0.5000,10,0,0.53857598,0.26928799,0.37276216,0.00609345,0.50365861,0.53857598,0.4523
stage4_cdl,LS,CDL-C,irregular,42,0.5000,10,60,0.54985340,0.27492670,0.37633158,0.00000000,0.49312925,0.54985340,0.0132
stage4_cdl,LMMSE-like,CDL-C,irregular,42,0.5000,10,60,0.91296555,0.45648278,0.46068338,0.00000000,0.54732873,0.91296555,1.5296
stage4_cdl,Enhanced-DnCNN,CDL-C,irregular,42,0.5000,10,60,0.54971944,0.27485972,0.37631170,0.00006638,0.49333103,0.54971944,0.2382
stage4_cdl,PICASSO-rec,CDL-C,irregular,42,0.5000,10,60,0.53630468,0.26815234,0.37223848,0.00924332,0.50972289,0.53630468,0.4471
stage4_cdl,PICASSO-rec-physics,CDL-C,irregular,42,0.5000,10,60,0.53753151,0.26876575,0.37193152,0.00673857,0.50542393,0.53753151,0.4503
stage4_cdl,LS,CDL-C,irregular,42,0.5000,10,120,0.54993047,0.27496523,0.37637913,0.00000000,0.49322011,0.19611830,0.0132
stage4_cdl,LMMSE-like,CDL-C,irregular,42,0.5000,10,120,0.91524056,0.45762028,0.46180648,0.00000000,0.54856113,0.32632068,1.5211
stage4_cdl,Enhanced-DnCNN,CDL-C,irregular,42,0.5000,10,120,0.55000354,0.27500177,0.37644611,0.00006339,0.49325024,0.19614460,0.2533
stage4_cdl,PICASSO-rec,CDL-C,irregular,42,0.5000,10,120,0.53073221,0.26536611,0.37045291,0.01060517,0.51792026,0.18927297,0.4544
stage4_cdl,PICASSO-rec-physics,CDL-C,irregular,42,0.5000,10,120,0.53954263,0.26977132,0.37276009,0.00658598,0.50397575,0.19241507,0.4481
stage4_cdl,LS,CDL-C,irregular,42,0.5000,30,0,0.50030335,0.25015168,0.29647312,0.00000000,0.52226476,0.50030335,0.0150
stage4_cdl,LMMSE-like,CDL-C,irregular,42,0.5000,30,0,0.82823929,0.41411965,0.37353676,0.00000000,0.56394109,0.82823929,1.5604
stage4_cdl,Enhanced-DnCNN,CDL-C,irregular,42,0.5000,30,0,0.50022893,0.25011446,0.29687932,0.00005118,0.52242257,0.50022893,0.2381
stage4_cdl,PICASSO-rec,CDL-C,irregular,42,0.5000,30,0,0.49931179,0.24965589,0.30928592,0.00296298,0.52544746,0.49931179,0.4484
stage4_cdl,PICASSO-rec-physics,CDL-C,irregular,42,0.5000,30,0,0.49614722,0.24807361,0.30763510,0.00272921,0.52815503,0.49614722,0.4512
stage4_cdl,LS,CDL-C,irregular,42,0.5000,30,60,0.50038815,0.25019408,0.29628075,0.00000000,0.52252910,0.50038815,0.0130
stage4_cdl,LMMSE-like,CDL-C,irregular,42,0.5000,30,60,0.82848142,0.41424071,0.37322475,0.00000000,0.56409067,0.82848142,1.7744
stage4_cdl,Enhanced-DnCNN,CDL-C,irregular,42,0.5000,30,60,0.49981143,0.24990571,0.29621116,0.00001074,0.52303593,0.49981143,0.2488
stage4_cdl,PICASSO-rec,CDL-C,irregular,42,0.5000,30,60,0.49527317,0.24763659,0.30858301,0.00321368,0.53066231,0.49527317,0.4468
stage4_cdl,PICASSO-rec-physics,CDL-C,irregular,42,0.5000,30,60,0.49735745,0.24867873,0.30988286,0.00348960,0.52823976,0.49735745,0.4479
stage4_cdl,LS,CDL-C,irregular,42,0.5000,30,120,0.50047354,0.25023677,0.29633483,0.00000000,0.52269498,0.17847972,0.0167
stage4_cdl,LMMSE-like,CDL-C,irregular,42,0.5000,30,120,0.82885624,0.41442812,0.37382578,0.00000000,0.56439625,0.29550937,1.5757
stage4_cdl,Enhanced-DnCNN,CDL-C,irregular,42,0.5000,30,120,0.50013943,0.25006972,0.29647142,0.00002738,0.52301185,0.17836076,0.2389
stage4_cdl,PICASSO-rec,CDL-C,irregular,42,0.5000,30,120,0.49633590,0.24816795,0.30805510,0.00291843,0.52917598,0.17700385,0.4473
stage4_cdl,PICASSO-rec-physics,CDL-C,irregular,42,0.5000,30,120,0.49826770,0.24913385,0.30919738,0.00312480,0.52722251,0.17769619,0.4482
stage4_cdl,LS,CDL-C,block,42,0.2500,0,0,0.99916260,0.49958130,0.57135035,0.00000000,0.40582792,0.99916260,0.0130
stage4_cdl,LMMSE-like,CDL-C,block,42,0.2500,0,0,2.37340081,1.18670040,0.85327755,0.00000000,0.74037379,2.37340081,1.5903
stage4_cdl,Enhanced-DnCNN,CDL-C,block,42,0.2500,0,0,0.99795002,0.49897501,0.57101548,0.00022895,0.40597913,0.99795002,0.2341
stage4_cdl,PICASSO-rec,CDL-C,block,42,0.2500,0,0,0.89990544,0.44995272,0.53985582,0.12813941,0.41419930,0.89990544,0.4446
stage4_cdl,PICASSO-rec-physics,CDL-C,block,42,0.2500,0,0,0.94048181,0.47024091,0.55364628,0.03535444,0.40640358,0.94048181,0.4539
stage4_cdl,LS,CDL-C,block,42,0.2500,0,60,0.99917468,0.49958734,0.57122494,0.00000000,0.40628514,0.99917468,0.0129
stage4_cdl,LMMSE-like,CDL-C,block,42,0.2500,0,60,2.36520362,1.18260181,0.85186544,0.00000000,0.74020593,2.36520362,1.7230
stage4_cdl,Enhanced-DnCNN,CDL-C,block,42,0.2500,0,60,0.99678609,0.49839304,0.57055095,0.00006922,0.40633184,0.99678609,0.2425
stage4_cdl,PICASSO-rec,CDL-C,block,42,0.2500,0,60,0.92845646,0.46422823,0.54937102,0.06598193,0.40629376,0.92845646,0.4518
stage4_cdl,PICASSO-rec-physics,CDL-C,block,42,0.2500,0,60,0.93948206,0.46974103,0.55307917,0.03573709,0.40879996,0.93948206,0.4504
stage4_cdl,LS,CDL-C,block,42,0.2500,0,120,0.99917854,0.49958927,0.57147320,0.00000000,0.40819599,0.35633837,0.0148
stage4_cdl,LMMSE-like,CDL-C,block,42,0.2500,0,120,2.38472766,1.19236383,0.85478903,0.00000000,0.74076042,0.85034861,1.5808
stage4_cdl,Enhanced-DnCNN,CDL-C,block,42,0.2500,0,120,0.99724261,0.49862131,0.57091995,0.00004188,0.40815927,0.35564809,0.2342
stage4_cdl,PICASSO-rec,CDL-C,block,42,0.2500,0,120,0.88832447,0.44416223,0.53572233,0.23428316,0.41397078,0.31680483,0.4548
stage4_cdl,PICASSO-rec-physics,CDL-C,block,42,0.2500,0,120,0.93426810,0.46713405,0.55171689,0.04080849,0.41023484,0.33318985,0.4500
stage4_cdl,LS,CDL-C,block,42,0.2500,10,0,0.77450606,0.38725303,0.47510440,0.00000000,0.59575653,0.77450606,0.0134
stage4_cdl,LMMSE-like,CDL-C,block,42,0.2500,10,0,1.48822638,0.74411319,0.63473867,0.00000000,0.78723717,1.48822638,1.5906
stage4_cdl,Enhanced-DnCNN,CDL-C,block,42,0.2500,10,0,0.77461065,0.38730533,0.47513895,0.00005250,0.59584825,0.77461065,0.2430
stage4_cdl,PICASSO-rec,CDL-C,block,42,0.2500,10,0,0.77596880,0.38798440,0.47626160,0.00786435,0.59119458,0.77596880,0.4527
stage4_cdl,PICASSO-rec-physics,CDL-C,block,42,0.2500,10,0,0.77534558,0.38767279,0.47574708,0.00558250,0.59181413,0.77534558,0.4449
stage4_cdl,LS,CDL-C,block,42,0.2500,10,60,0.77458854,0.38729427,0.47499368,0.00000000,0.59680763,0.77458854,0.0130
stage4_cdl,LMMSE-like,CDL-C,block,42,0.2500,10,60,1.48565865,0.74282932,0.63405704,0.00000000,0.78652285,1.48565865,1.7462
stage4_cdl,Enhanced-DnCNN,CDL-C,block,42,0.2500,10,60,0.77467427,0.38733713,0.47503028,0.00005931,0.59683198,0.77467427,0.2394
stage4_cdl,PICASSO-rec,CDL-C,block,42,0.2500,10,60,0.77443063,0.38721532,0.47480258,0.00778285,0.59622596,0.77443063,0.4541
stage4_cdl,PICASSO-rec-physics,CDL-C,block,42,0.2500,10,60,0.77479047,0.38739523,0.47504773,0.00782087,0.59307362,0.77479047,0.4501
stage4_cdl,LS,CDL-C,block,42,0.2500,10,120,0.77459201,0.38729601,0.47524058,0.00000000,0.59750108,0.27624454,0.0124
stage4_cdl,LMMSE-like,CDL-C,block,42,0.2500,10,120,1.49189419,0.74594709,0.63566475,0.00000000,0.78704745,0.53197014,1.5542
stage4_cdl,Enhanced-DnCNN,CDL-C,block,42,0.2500,10,120,0.77455215,0.38727608,0.47518282,0.00001828,0.59750272,0.27623051,0.2424
stage4_cdl,PICASSO-rec,CDL-C,block,42,0.2500,10,120,0.77408487,0.38704243,0.47481341,0.00900798,0.59684546,0.27606478,0.4466
stage4_cdl,PICASSO-rec-physics,CDL-C,block,42,0.2500,10,120,0.77538152,0.38769076,0.47570632,0.00651735,0.59346537,0.27652609,0.4475
stage4_cdl,LS,CDL-C,block,42,0.2500,30,0,0.74979311,0.37489656,0.43514140,0.00000000,0.64687233,0.74979311,0.0127
stage4_cdl,LMMSE-like,CDL-C,block,42,0.2500,30,0,1.39391783,0.69695891,0.58014680,0.00000000,0.79902893,1.39391783,1.5719
stage4_cdl,Enhanced-DnCNN,CDL-C,block,42,0.2500,30,0,0.74985674,0.37492837,0.43521468,0.00001317,0.64688461,0.74985674,0.2340
stage4_cdl,PICASSO-rec,CDL-C,block,42,0.2500,30,0,0.75126791,0.37563396,0.44167791,0.00261759,0.64381631,0.75126791,0.4461
stage4_cdl,PICASSO-rec-physics,CDL-C,block,42,0.2500,30,0,0.75166997,0.37583499,0.44324201,0.00354758,0.64344969,0.75166997,0.4463
stage4_cdl,LS,CDL-C,block,42,0.2500,30,60,0.74988331,0.37494165,0.43503676,0.00000000,0.64738438,0.74988331,0.0127
stage4_cdl,LMMSE-like,CDL-C,block,42,0.2500,30,60,1.39363918,0.69681959,0.57971306,0.00000000,0.79916288,1.39363918,1.4989
stage4_cdl,Enhanced-DnCNN,CDL-C,block,42,0.2500,30,60,0.75000235,0.37500118,0.43559598,0.00012767,0.64742662,0.75000235,0.2375
stage4_cdl,PICASSO-rec,CDL-C,block,42,0.2500,30,60,0.75186533,0.37593266,0.44327986,0.00361892,0.64466850,0.75186533,0.4520
stage4_cdl,PICASSO-rec-physics,CDL-C,block,42,0.2500,30,60,0.75249478,0.37624739,0.44421205,0.00420332,0.64277197,0.75249478,0.4461
stage4_cdl,LS,CDL-C,block,42,0.2500,30,120,0.74988677,0.37494338,0.43528307,0.00000000,0.64799546,0.26743394,0.0135
stage4_cdl,LMMSE-like,CDL-C,block,42,0.2500,30,120,1.39437217,0.69718608,0.58012623,0.00000000,0.79969950,0.49720749,1.4827
stage4_cdl,Enhanced-DnCNN,CDL-C,block,42,0.2500,30,120,0.74995048,0.37497524,0.43537267,0.00001777,0.64793445,0.26745656,0.2352
stage4_cdl,PICASSO-rec,CDL-C,block,42,0.2500,30,120,0.75202866,0.37601433,0.44318853,0.00334561,0.64473411,0.26819790,0.4455
stage4_cdl,PICASSO-rec-physics,CDL-C,block,42,0.2500,30,120,0.75253010,0.37626505,0.44369168,0.00362527,0.64439456,0.26837692,0.4478
stage4_cdl,LS,CDL-C,irregular,42,0.1250,0,0,0.99866344,0.49933172,0.57276505,0.00000000,0.28439441,0.99866344,0.0133
stage4_cdl,LMMSE-like,CDL-C,irregular,42,0.1250,0,0,2.51437032,1.25718516,0.88221253,0.00000000,0.81471418,2.51437032,1.6343
stage4_cdl,Enhanced-DnCNN,CDL-C,irregular,42,0.1250,0,0,0.99815637,0.49907818,0.57262161,0.00002954,0.28449237,0.99815637,0.2402
stage4_cdl,PICASSO-rec,CDL-C,irregular,42,0.1250,0,0,0.94004630,0.47002315,0.55378540,0.18794366,0.33506741,0.94004630,0.4505
stage4_cdl,PICASSO-rec-physics,CDL-C,irregular,42,0.1250,0,0,0.95521978,0.47760989,0.55921659,0.04799167,0.30537124,0.95521978,0.4419
stage4_cdl,LS,CDL-C,irregular,42,0.1250,0,60,0.99867159,0.49933580,0.57273245,0.00000000,0.28384696,0.99867159,0.0138
stage4_cdl,LMMSE-like,CDL-C,irregular,42,0.1250,0,60,2.52434927,1.26217464,0.88404147,0.00000000,0.81606168,2.52434927,1.4950
stage4_cdl,Enhanced-DnCNN,CDL-C,irregular,42,0.1250,0,60,0.99821725,0.49910863,0.57260151,0.00003563,0.28388909,0.99821725,0.2342
stage4_cdl,PICASSO-rec,CDL-C,irregular,42,0.1250,0,60,0.94777074,0.47388537,0.55626081,0.10508312,0.31934291,0.94777074,0.4482
stage4_cdl,PICASSO-rec-physics,CDL-C,irregular,42,0.1250,0,60,0.96117190,0.48058595,0.56110969,0.03925256,0.29529894,0.96117190,0.4494
stage4_cdl,LS,CDL-C,irregular,42,0.1250,0,120,0.99868077,0.49934039,0.57285234,0.00000000,0.28408614,0.35616222,0.0152
stage4_cdl,LMMSE-like,CDL-C,irregular,42,0.1250,0,120,2.53105515,1.26552758,0.88570334,0.00000000,0.81742910,0.90249084,1.5789
stage4_cdl,Enhanced-DnCNN,CDL-C,irregular,42,0.1250,0,120,0.99739873,0.49869937,0.57248560,0.00005103,0.28421145,0.35570460,0.2380
stage4_cdl,PICASSO-rec,CDL-C,irregular,42,0.1250,0,120,0.93904144,0.46952072,0.55340955,0.16120340,0.33545800,0.33488884,0.4458
stage4_cdl,PICASSO-rec-physics,CDL-C,irregular,42,0.1250,0,120,0.95430568,0.47715284,0.55918728,0.04670512,0.30768558,0.34033526,0.4459
stage4_cdl,LS,CDL-C,irregular,42,0.1250,10,0,0.88819931,0.44409966,0.52500048,0.00000000,0.29482613,0.88819931,0.0120
stage4_cdl,LMMSE-like,CDL-C,irregular,42,0.1250,10,0,1.68948516,0.84474258,0.69902089,0.00000000,0.82087815,1.68948516,1.5027
stage4_cdl,Enhanced-DnCNN,CDL-C,irregular,42,0.1250,10,0,0.88819091,0.44409546,0.52500163,0.00003118,0.29501244,0.88819091,0.2396
stage4_cdl,PICASSO-rec,CDL-C,irregular,42,0.1250,10,0,0.87431449,0.43715724,0.52088088,0.00971728,0.35837800,0.87431449,0.4458
stage4_cdl,PICASSO-rec-physics,CDL-C,irregular,42,0.1250,10,0,0.87792988,0.43896494,0.52176481,0.00734492,0.32704639,0.87792988,0.4490
stage4_cdl,LS,CDL-C,irregular,42,0.1250,10,60,0.88810591,0.44405296,0.52494642,0.00000000,0.29451075,0.88810591,0.0155
stage4_cdl,LMMSE-like,CDL-C,irregular,42,0.1250,10,60,1.69291431,0.84645715,0.69996510,0.00000000,0.82130449,1.69291431,1.4938
stage4_cdl,Enhanced-DnCNN,CDL-C,irregular,42,0.1250,10,60,0.88813876,0.44406938,0.52495766,0.00004199,0.29476422,0.88813876,0.2354
stage4_cdl,PICASSO-rec,CDL-C,irregular,42,0.1250,10,60,0.87473038,0.43736519,0.52094139,0.01064642,0.34481428,0.87473038,0.4511
stage4_cdl,PICASSO-rec-physics,CDL-C,irregular,42,0.1250,10,60,0.87945929,0.43972965,0.52213462,0.00622412,0.31979528,0.87945929,0.4514
stage4_cdl,LS,CDL-C,irregular,42,0.1250,10,120,0.88798457,0.44399229,0.52503876,0.00000000,0.29485289,0.31668145,0.0128
stage4_cdl,LMMSE-like,CDL-C,irregular,42,0.1250,10,120,1.69563192,0.84781596,0.70039625,0.00000000,0.82174386,0.60451664,1.5573
stage4_cdl,Enhanced-DnCNN,CDL-C,irregular,42,0.1250,10,120,0.88801657,0.44400828,0.52505767,0.00005386,0.29508077,0.31669260,0.2330
stage4_cdl,PICASSO-rec,CDL-C,irregular,42,0.1250,10,120,0.87964423,0.43982212,0.52232991,0.00684460,0.31927458,0.31370904,0.4448
stage4_cdl,PICASSO-rec-physics,CDL-C,irregular,42,0.1250,10,120,0.87407754,0.43703877,0.52072418,0.00731238,0.34429743,0.31172409,0.4515
stage4_cdl,LS,CDL-C,irregular,42,0.1250,30,0,0.87604851,0.43802425,0.50516851,0.00000000,0.29811652,0.87604851,0.0127
stage4_cdl,LMMSE-like,CDL-C,irregular,42,0.1250,30,0,1.60003182,0.80001591,0.66186240,0.00000000,0.82255067,1.60003182,1.5691
stage4_cdl,Enhanced-DnCNN,CDL-C,irregular,42,0.1250,30,0,0.87613672,0.43806836,0.50530457,0.00005713,0.29836942,0.87613672,0.2385
stage4_cdl,PICASSO-rec,CDL-C,irregular,42,0.1250,30,0,0.87094305,0.43547153,0.50609216,0.00205116,0.30918080,0.87094305,0.4477
stage4_cdl,PICASSO-rec-physics,CDL-C,irregular,42,0.1250,30,0,0.86807160,0.43403580,0.50520152,0.00210004,0.31731614,0.86807160,0.4484
stage4_cdl,LS,CDL-C,irregular,42,0.1250,30,60,0.87594396,0.43797198,0.50510545,0.00000000,0.29794349,0.87594396,0.0132
stage4_cdl,LMMSE-like,CDL-C,irregular,42,0.1250,30,60,1.60097212,0.80048606,0.66252466,0.00000000,0.82248060,1.60097212,1.4956
stage4_cdl,Enhanced-DnCNN,CDL-C,irregular,42,0.1250,30,60,0.87595576,0.43797788,0.50515825,0.00002455,0.29812606,0.87595576,0.2363
stage4_cdl,PICASSO-rec,CDL-C,irregular,42,0.1250,30,60,0.87177600,0.43588800,0.50608440,0.00187040,0.30762582,0.87177600,0.4484
stage4_cdl,PICASSO-rec-physics,CDL-C,irregular,42,0.1250,30,60,0.87232694,0.43616347,0.50661804,0.00215892,0.30935280,0.87232694,0.4518
stage4_cdl,LS,CDL-C,irregular,42,0.1250,30,120,0.87580822,0.43790411,0.50518629,0.00000000,0.29810453,0.31233865,0.0126
stage4_cdl,LMMSE-like,CDL-C,irregular,42,0.1250,30,120,1.60233489,0.80116744,0.66284828,0.00000000,0.82289274,0.57123850,1.4584
stage4_cdl,Enhanced-DnCNN,CDL-C,irregular,42,0.1250,30,120,0.87566817,0.43783408,0.50518869,0.00001891,0.29829621,0.31228875,0.2439
stage4_cdl,PICASSO-rec,CDL-C,irregular,42,0.1250,30,120,0.86638728,0.43319364,0.50488766,0.00239100,0.32378205,0.30898134,0.4444
stage4_cdl,PICASSO-rec-physics,CDL-C,irregular,42,0.1250,30,120,0.87042713,0.43521357,0.50567910,0.00167371,0.30865385,0.31042037,0.4440
stage4_cdl,LS,CDL-C,block,42,0.0625,0,0,0.99919698,0.49959849,0.57339288,0.00000000,0.23808561,0.99919698,0.0128
stage4_cdl,LMMSE-like,CDL-C,block,42,0.0625,0,0,2.73338884,1.36669442,0.92753577,0.00000000,0.91675955,2.73338884,1.5396
stage4_cdl,Enhanced-DnCNN,CDL-C,block,42,0.0625,0,0,0.99900319,0.49950159,0.57333140,0.00001098,0.23816388,0.99900319,0.2364
stage4_cdl,PICASSO-rec,CDL-C,block,42,0.0625,0,0,0.97594269,0.48797134,0.56598528,0.11340854,0.25534477,0.97594269,0.4441
stage4_cdl,PICASSO-rec-physics,CDL-C,block,42,0.0625,0,0,0.98688458,0.49344229,0.56966694,0.02677349,0.24278954,0.98688458,0.4436
stage4_cdl,LS,CDL-C,block,42,0.0625,0,60,0.99919915,0.49959958,0.57339235,0.00000000,0.23791435,0.99919915,0.0140
stage4_cdl,LMMSE-like,CDL-C,block,42,0.0625,0,60,2.72372526,1.36186263,0.92636184,0.00000000,0.91676335,2.72372526,1.5777
stage4_cdl,Enhanced-DnCNN,CDL-C,block,42,0.0625,0,60,0.99896921,0.49948461,0.57332407,0.00002513,0.23810606,0.99896921,0.2394
stage4_cdl,PICASSO-rec,CDL-C,block,42,0.0625,0,60,0.98227790,0.49113895,0.56815627,0.06209944,0.24146776,0.98227790,0.4480
stage4_cdl,PICASSO-rec-physics,CDL-C,block,42,0.0625,0,60,0.98656596,0.49328298,0.56957047,0.03348976,0.24454677,0.98656596,0.4502
stage4_cdl,LS,CDL-C,block,42,0.0625,0,120,0.99919990,0.49959995,0.57360828,0.00000000,0.23801704,0.35634481,0.0130
stage4_cdl,LMMSE-like,CDL-C,block,42,0.0625,0,120,2.71236652,1.35618326,0.92489743,0.00000000,0.91681807,0.96716300,1.5840
stage4_cdl,Enhanced-DnCNN,CDL-C,block,42,0.0625,0,120,0.99911804,0.49955902,0.57358228,0.00003471,0.23820725,0.35631589,0.2366
stage4_cdl,PICASSO-rec,CDL-C,block,42,0.0625,0,120,0.98082793,0.49041396,0.56784487,0.07282490,0.24751814,0.34979505,0.4454
stage4_cdl,PICASSO-rec-physics,CDL-C,block,42,0.0625,0,120,0.98125651,0.49062826,0.56805456,0.04466520,0.24519476,0.34994648,0.4470
stage4_cdl,LS,CDL-C,block,42,0.0625,10,0,0.94384542,0.47192271,0.54953603,0.00000000,0.26083797,0.94384542,0.0192
stage4_cdl,LMMSE-like,CDL-C,block,42,0.0625,10,0,1.82642955,0.91321477,0.74861233,0.00000000,0.91799930,1.82642955,1.5934
stage4_cdl,Enhanced-DnCNN,CDL-C,block,42,0.0625,10,0,0.94392751,0.47196376,0.54956755,0.00006740,0.26123556,0.94392751,0.2391
stage4_cdl,PICASSO-rec,CDL-C,block,42,0.0625,10,0,0.94427304,0.47213652,0.54974075,0.00715414,0.26728365,0.94427304,0.4459
stage4_cdl,PICASSO-rec-physics,CDL-C,block,42,0.0625,10,0,0.94415483,0.47207741,0.54966006,0.00571935,0.26459473,0.94415483,0.4462
stage4_cdl,LS,CDL-C,block,42,0.0625,10,60,0.94387014,0.47193507,0.54954123,0.00000000,0.26041385,0.94387014,0.0144
stage4_cdl,LMMSE-like,CDL-C,block,42,0.0625,10,60,1.82413784,0.91206892,0.74809141,0.00000000,0.91682078,1.82413784,1.5546
stage4_cdl,Enhanced-DnCNN,CDL-C,block,42,0.0625,10,60,0.94394943,0.47197472,0.54955699,0.00001846,0.26070324,0.94394943,0.2399
stage4_cdl,PICASSO-rec,CDL-C,block,42,0.0625,10,60,0.94406773,0.47203387,0.54965806,0.00740482,0.26618875,0.94406773,0.4464
stage4_cdl,PICASSO-rec-physics,CDL-C,block,42,0.0625,10,60,0.94417319,0.47208659,0.54966767,0.00577283,0.26444820,0.94417319,0.4488
stage4_cdl,LS,CDL-C,block,42,0.0625,10,120,0.94387458,0.47193729,0.54975834,0.00000000,0.26130584,0.33661409,0.0132
stage4_cdl,LMMSE-like,CDL-C,block,42,0.0625,10,120,1.82162395,0.91081198,0.74761613,0.00000000,0.91784447,0.64953676,1.5970
stage4_cdl,Enhanced-DnCNN,CDL-C,block,42,0.0625,10,120,0.94398531,0.47199266,0.54979505,0.00005356,0.26199102,0.33665355,0.2386
stage4_cdl,PICASSO-rec,CDL-C,block,42,0.0625,10,120,0.94391677,0.47195838,0.54986578,0.00610552,0.26531610,0.33662955,0.4483
stage4_cdl,PICASSO-rec-physics,CDL-C,block,42,0.0625,10,120,0.94346808,0.47173404,0.54956517,0.00668485,0.26784943,0.33646899,0.4499
stage4_cdl,LS,CDL-C,block,42,0.0625,30,0,0.93775474,0.46887737,0.53963041,0.00000000,0.26814814,0.93775474,0.0142
stage4_cdl,LMMSE-like,CDL-C,block,42,0.0625,30,0,1.72418720,0.86209360,0.71908452,0.00000000,0.91791390,1.72418720,1.6289
stage4_cdl,Enhanced-DnCNN,CDL-C,block,42,0.0625,30,0,0.93778853,0.46889427,0.53966630,0.00002021,0.26840125,0.93778853,0.2502
stage4_cdl,PICASSO-rec,CDL-C,block,42,0.0625,30,0,0.93815415,0.46907707,0.54151331,0.00325876,0.27154682,0.93815415,0.4512
stage4_cdl,PICASSO-rec-physics,CDL-C,block,42,0.0625,30,0,0.93965219,0.46982609,0.54255143,0.00519913,0.27511168,0.93965219,0.4534
stage4_cdl,LS,CDL-C,block,42,0.0625,30,60,0.93778196,0.46889098,0.53963798,0.00000000,0.26870288,0.93778196,0.0133
stage4_cdl,LMMSE-like,CDL-C,block,42,0.0625,30,60,1.72492334,0.86246167,0.71901065,0.00000000,0.91808812,1.72492334,1.6710
stage4_cdl,Enhanced-DnCNN,CDL-C,block,42,0.0625,30,60,0.93777002,0.46888501,0.53963716,0.00000337,0.26886113,0.93777002,0.2388
stage4_cdl,PICASSO-rec,CDL-C,block,42,0.0625,30,60,0.93824077,0.46912038,0.54149748,0.00309937,0.27176864,0.93824077,0.4485
stage4_cdl,PICASSO-rec-physics,CDL-C,block,42,0.0625,30,60,0.93815032,0.46907516,0.54166856,0.00365216,0.27198002,0.93815032,0.4468
stage4_cdl,LS,CDL-C,block,42,0.0625,30,120,0.93778677,0.46889339,0.53985558,0.00000000,0.26934147,0.33444298,0.0142
stage4_cdl,LMMSE-like,CDL-C,block,42,0.0625,30,120,1.72616044,0.86308022,0.71906658,0.00000000,0.91842467,0.61550766,1.5690
stage4_cdl,Enhanced-DnCNN,CDL-C,block,42,0.0625,30,120,0.93786426,0.46893213,0.53995702,0.00007394,0.26960197,0.33447089,0.2387
stage4_cdl,PICASSO-rec,CDL-C,block,42,0.0625,30,120,0.93825956,0.46912978,0.54175426,0.00319630,0.27184685,0.33461092,0.4421
stage4_cdl,PICASSO-rec-physics,CDL-C,block,42,0.0625,30,120,0.93926561,0.46963280,0.54249662,0.00468133,0.27246700,0.33496998,0.4468
