stage,seed,method,pilot_ratio,snr_db,nmse,mse,mae,pilot_consistency_error,delay_sparsity_score,epochs_used,train_samples,val_samples,test_samples,runtime_seconds,loss_mode,lambda_adv,lambda_pilot,lambda_smooth,lambda_sparse
stage3a_supervised_physics,42,LS,0.5000,10,0.55038475,0.27519238,0.37191007,0.00000000,0.63530748,0,1024,256,512,0.2835,,0.0,0.0,0.0,0.0
stage3a_supervised_physics,42,DnCNN,0.5000,10,0.50787906,0.25393953,0.35762121,0.00381427,0.64728946,5,1024,256,512,1.6214,,0.0,0.0,0.0,0.0
stage3a_supervised_physics,42,Enhanced-DnCNN,0.5000,10,0.50071134,0.25035567,0.35659274,0.01730080,0.66575915,5,1024,256,512,0.9101,,0.0,0.0,0.0,0.0
stage3a_supervised_physics,42,PICASSO-rec,0.5000,10,0.48652755,0.24326377,0.34305146,0.00588934,0.71839976,5,1024,256,512,1.2468,rec_only,0.0,0.0,0.0,0.0
stage3a_supervised_physics,42,PICASSO-rec-physics,0.5000,10,0.49076479,0.24538239,0.34577292,0.00565043,0.70786993,5,1024,256,512,1.1455,rec_physics,0.0,1.0,0.05,0.05
stage3a_supervised_physics,42,PICASSO-full-light-adv,0.5000,10,0.49233422,0.24616711,0.34582528,0.00567867,0.71083682,5,1024,256,512,1.7739,full,0.001,1.0,0.05,0.05
stage3a_supervised_physics,42,LS,0.5000,20,0.50540058,0.25270029,0.31090023,0.00000000,0.68616155,0,1024,256,512,0.0243,,0.0,0.0,0.0,0.0
stage3a_supervised_physics,42,DnCNN,0.5000,20,0.46917645,0.23458822,0.30263711,0.00152255,0.69503032,5,1024,256,512,0.3025,,0.0,0.0,0.0,0.0
stage3a_supervised_physics,42,Enhanced-DnCNN,0.5000,20,0.45377098,0.22688549,0.30068733,0.00351729,0.71466070,5,1024,256,512,0.8598,,0.0,0.0,0.0,0.0
stage3a_supervised_physics,42,PICASSO-rec,0.5000,20,0.44192106,0.22096053,0.28590978,0.00153043,0.76776581,5,1024,256,512,1.1439,rec_only,0.0,0.0,0.0,0.0
stage3a_supervised_physics,42,PICASSO-rec-physics,0.5000,20,0.44600242,0.22300121,0.29108388,0.00154512,0.74110184,5,1024,256,512,1.1425,rec_physics,0.0,1.0,0.05,0.05
stage3a_supervised_physics,42,PICASSO-full-light-adv,0.5000,20,0.44985353,0.22492676,0.29502715,0.00181669,0.72202683,5,1024,256,512,1.7370,full,0.001,1.0,0.05,0.05
stage3a_supervised_physics,42,LS,0.5000,30,0.50090216,0.25045108,0.29160723,0.00000000,0.69207416,0,1024,256,512,0.0252,,0.0,0.0,0.0,0.0
stage3a_supervised_physics,42,DnCNN,0.5000,30,0.46628338,0.23314169,0.28847136,0.00130117,0.70026456,5,1024,256,512,0.3215,,0.0,0.0,0.0,0.0
stage3a_supervised_physics,42,Enhanced-DnCNN,0.5000,30,0.44274774,0.22137387,0.28068132,0.00190096,0.73211459,5,1024,256,512,0.8807,,0.0,0.0,0.0,0.0
stage3a_supervised_physics,42,PICASSO-rec,0.5000,30,0.43347567,0.21673784,0.26994118,0.00091601,0.76154849,5,1024,256,512,1.1420,rec_only,0.0,0.0,0.0,0.0
stage3a_supervised_physics,42,PICASSO-rec-physics,0.5000,30,0.43896989,0.21948494,0.27233706,0.00088193,0.75559284,5,1024,256,512,1.1450,rec_physics,0.0,1.0,0.05,0.05
stage3a_supervised_physics,42,PICASSO-full-light-adv,0.5000,30,0.43917651,0.21958826,0.27196740,0.00090199,0.75824782,5,1024,256,512,1.7362,full,0.001,1.0,0.05,0.05
stage3a_supervised_physics,42,LS,0.2500,10,0.77519323,0.38759661,0.46850669,0.00000000,0.47161129,0,1024,256,512,0.0306,,0.0,0.0,0.0,0.0
stage3a_supervised_physics,42,DnCNN,0.2500,10,0.76319995,0.38159997,0.46473889,0.00047157,0.48353440,5,1024,256,512,0.2952,,0.0,0.0,0.0,0.0
stage3a_supervised_physics,42,Enhanced-DnCNN,0.2500,10,0.75071236,0.37535618,0.46032861,0.00841390,0.52095475,5,1024,256,512,0.8589,,0.0,0.0,0.0,0.0
stage3a_supervised_physics,42,PICASSO-rec,0.2500,10,0.73506152,0.36753076,0.45407673,0.00507852,0.59761038,5,1024,256,512,1.1429,rec_only,0.0,0.0,0.0,0.0
stage3a_supervised_physics,42,PICASSO-rec-physics,0.2500,10,0.73801492,0.36900746,0.45500562,0.00456409,0.59632802,5,1024,256,512,1.1492,rec_physics,0.0,1.0,0.05,0.05
stage3a_supervised_physics,42,PICASSO-full-light-adv,0.2500,10,0.73785910,0.36892955,0.45482932,0.00450468,0.59909923,5,1024,256,512,1.7281,full,0.001,1.0,0.05,0.05
stage3a_supervised_physics,42,LS,0.2500,20,0.75263249,0.37631625,0.43794636,0.00000000,0.50234169,0,1024,256,512,0.0283,,0.0,0.0,0.0,0.0
stage3a_supervised_physics,42,DnCNN,0.2500,20,0.73891074,0.36945537,0.43457938,0.00042007,0.51780200,5,1024,256,512,0.2810,,0.0,0.0,0.0,0.0
stage3a_supervised_physics,42,Enhanced-DnCNN,0.2500,20,0.72877083,0.36438541,0.43544836,0.00429296,0.54547537,5,1024,256,512,0.8583,,0.0,0.0,0.0,0.0
stage3a_supervised_physics,42,PICASSO-rec,0.2500,20,0.71135937,0.35567969,0.42429420,0.00043443,0.63933594,5,1024,256,512,1.1401,rec_only,0.0,0.0,0.0,0.0
stage3a_supervised_physics,42,PICASSO-rec-physics,0.2500,20,0.71518251,0.35759125,0.42582117,0.00073702,0.63065687,5,1024,256,512,1.1358,rec_physics,0.0,1.0,0.05,0.05
stage3a_supervised_physics,42,PICASSO-full-light-adv,0.2500,20,0.71564877,0.35782439,0.42631377,0.00075018,0.61956865,5,1024,256,512,1.7370,full,0.001,1.0,0.05,0.05
stage3a_supervised_physics,42,LS,0.2500,30,0.75037640,0.37518820,0.42828232,0.00000000,0.50583931,0,1024,256,512,0.0392,,0.0,0.0,0.0,0.0
stage3a_supervised_physics,42,DnCNN,0.2500,30,0.73373298,0.36686649,0.42611958,0.00086050,0.52588898,5,1024,256,512,0.3124,,0.0,0.0,0.0,0.0
stage3a_supervised_physics,42,Enhanced-DnCNN,0.2500,30,0.72785922,0.36392961,0.42831402,0.00322363,0.54595958,5,1024,256,512,0.8650,,0.0,0.0,0.0,0.0
stage3a_supervised_physics,42,PICASSO-rec,0.2500,30,0.71022240,0.35511120,0.41618238,0.00034722,0.62489880,5,1024,256,512,1.1553,rec_only,0.0,0.0,0.0,0.0
stage3a_supervised_physics,42,PICASSO-rec-physics,0.2500,30,0.71217910,0.35608955,0.41663538,0.00032667,0.63056500,5,1024,256,512,1.1382,rec_physics,0.0,1.0,0.05,0.05
stage3a_supervised_physics,42,PICASSO-full-light-adv,0.2500,30,0.71429171,0.35714586,0.41800974,0.00039546,0.60622720,5,1024,256,512,1.7475,full,0.001,1.0,0.05,0.05
stage3a_supervised_physics,42,LS,0.1250,10,0.88725827,0.44362913,0.51677794,0.00000000,0.32930934,0,1024,256,512,0.0258,,0.0,0.0,0.0,0.0
stage3a_supervised_physics,42,DnCNN,0.1250,10,0.88044072,0.44022036,0.51444633,0.00119311,0.35395521,5,1024,256,512,0.3146,,0.0,0.0,0.0,0.0
stage3a_supervised_physics,42,Enhanced-DnCNN,0.1250,10,0.87588479,0.43794240,0.51301625,0.00885073,0.39743499,5,1024,256,512,0.8678,,0.0,0.0,0.0,0.0
stage3a_supervised_physics,42,PICASSO-rec,0.1250,10,0.86817091,0.43408545,0.51000195,0.00469688,0.48338329,5,1024,256,512,1.1496,rec_only,0.0,0.0,0.0,0.0
stage3a_supervised_physics,42,PICASSO-rec-physics,0.1250,10,0.86940005,0.43470003,0.51034038,0.00472455,0.49068509,5,1024,256,512,1.1491,rec_physics,0.0,1.0,0.05,0.05
stage3a_supervised_physics,42,PICASSO-full-light-adv,0.1250,10,0.87005451,0.43502726,0.51073054,0.00491295,0.46401316,5,1024,256,512,1.7443,full,0.001,1.0,0.05,0.05
stage3a_supervised_physics,42,LS,0.1250,20,0.87591979,0.43795989,0.50145511,0.00000000,0.34447931,0,1024,256,512,0.0253,,0.0,0.0,0.0,0.0
stage3a_supervised_physics,42,DnCNN,0.1250,20,0.87009206,0.43504603,0.50000659,0.00032452,0.36515050,5,1024,256,512,0.3179,,0.0,0.0,0.0,0.0
stage3a_supervised_physics,42,Enhanced-DnCNN,0.1250,20,0.86307669,0.43153835,0.49897407,0.00250874,0.42476986,5,1024,256,512,0.8756,,0.0,0.0,0.0,0.0
stage3a_supervised_physics,42,PICASSO-rec,0.1250,20,0.85673816,0.42836908,0.49546889,0.00057831,0.49713031,5,1024,256,512,1.1562,rec_only,0.0,0.0,0.0,0.0
stage3a_supervised_physics,42,PICASSO-rec-physics,0.1250,20,0.85753237,0.42876619,0.49568394,0.00072570,0.50681040,5,1024,256,512,1.1451,rec_physics,0.0,1.0,0.05,0.05
stage3a_supervised_physics,42,PICASSO-full-light-adv,0.1250,20,0.85813447,0.42906724,0.49595043,0.00069101,0.49021727,5,1024,256,512,1.7501,full,0.001,1.0,0.05,0.05
stage3a_supervised_physics,42,LS,0.1250,30,0.87478594,0.43739297,0.49660961,0.00000000,0.34643338,0,1024,256,512,0.0394,,0.0,0.0,0.0,0.0
stage3a_supervised_physics,42,DnCNN,0.1250,30,0.87117597,0.43558799,0.49588266,0.00016194,0.35959813,5,1024,256,512,0.3236,,0.0,0.0,0.0,0.0
stage3a_supervised_physics,42,Enhanced-DnCNN,0.1250,30,0.86298902,0.43149451,0.49682390,0.00358884,0.41047455,5,1024,256,512,0.8694,,0.0,0.0,0.0,0.0
stage3a_supervised_physics,42,PICASSO-rec,0.1250,30,0.85491478,0.42745739,0.49063382,0.00027078,0.49702019,5,1024,256,512,1.1388,rec_only,0.0,0.0,0.0,0.0
stage3a_supervised_physics,42,PICASSO-rec-physics,0.1250,30,0.85656438,0.42828219,0.49136551,0.00036331,0.49057959,5,1024,256,512,1.1500,rec_physics,0.0,1.0,0.05,0.05
stage3a_supervised_physics,42,PICASSO-full-light-adv,0.1250,30,0.85932446,0.42966223,0.49254881,0.00039376,0.44420366,5,1024,256,512,1.7447,full,0.001,1.0,0.05,0.05
stage3a_supervised_physics,42,LS,0.0625,10,0.94361719,0.47180859,0.54092628,0.00000000,0.21084760,0,1024,256,512,0.0267,,0.0,0.0,0.0,0.0
stage3a_supervised_physics,42,DnCNN,0.0625,10,0.94128002,0.47064001,0.54007720,0.00073401,0.23346615,5,1024,256,512,0.3349,,0.0,0.0,0.0,0.0
stage3a_supervised_physics,42,Enhanced-DnCNN,0.0625,10,0.94066239,0.47033120,0.53989866,0.00137979,0.23873857,5,1024,256,512,0.8720,,0.0,0.0,0.0,0.0
stage3a_supervised_physics,42,PICASSO-rec,0.0625,10,0.93528380,0.46764190,0.53801352,0.00523328,0.36130109,5,1024,256,512,1.1504,rec_only,0.0,0.0,0.0,0.0
stage3a_supervised_physics,42,PICASSO-rec-physics,0.0625,10,0.93560756,0.46780378,0.53805728,0.00510083,0.37774235,5,1024,256,512,1.1517,rec_physics,0.0,1.0,0.05,0.05
stage3a_supervised_physics,42,PICASSO-full-light-adv,0.0625,10,0.93594841,0.46797420,0.53820240,0.00535888,0.36968001,5,1024,256,512,1.7576,full,0.001,1.0,0.05,0.05
stage3a_supervised_physics,42,LS,0.0625,20,0.93796236,0.46898118,0.53326873,0.00000000,0.21448831,0,1024,256,512,0.0395,,0.0,0.0,0.0,0.0
stage3a_supervised_physics,42,DnCNN,0.0625,20,0.93588467,0.46794233,0.53272031,0.00014011,0.23802957,5,1024,256,512,0.2819,,0.0,0.0,0.0,0.0
stage3a_supervised_physics,42,Enhanced-DnCNN,0.0625,20,0.93595807,0.46797904,0.53295664,0.00071262,0.24246151,5,1024,256,512,0.8701,,0.0,0.0,0.0,0.0
stage3a_supervised_physics,42,PICASSO-rec,0.0625,20,0.92928547,0.46464274,0.53060783,0.00060729,0.37616433,5,1024,256,512,1.1445,rec_only,0.0,0.0,0.0,0.0
stage3a_supervised_physics,42,PICASSO-rec-physics,0.0625,20,0.92977202,0.46488601,0.53072985,0.00079251,0.39195093,5,1024,256,512,1.1673,rec_physics,0.0,1.0,0.05,0.05
stage3a_supervised_physics,42,PICASSO-full-light-adv,0.0625,20,0.92951984,0.46475992,0.53061549,0.00060718,0.39654644,5,1024,256,512,1.7477,full,0.001,1.0,0.05,0.05
stage3a_supervised_physics,42,LS,0.0625,30,0.93739688,0.46869844,0.53084722,0.00000000,0.21479215,0,1024,256,512,0.0287,,0.0,0.0,0.0,0.0
stage3a_supervised_physics,42,DnCNN,0.0625,30,0.93566940,0.46783470,0.53050970,0.00016932,0.23401104,5,1024,256,512,0.3051,,0.0,0.0,0.0,0.0
stage3a_supervised_physics,42,Enhanced-DnCNN,0.0625,30,0.93599379,0.46799690,0.53075280,0.00034739,0.23437120,5,1024,256,512,0.8605,,0.0,0.0,0.0,0.0
stage3a_supervised_physics,42,PICASSO-rec,0.0625,30,0.92877478,0.46438739,0.52837832,0.00030847,0.36961640,5,1024,256,512,1.1428,rec_only,0.0,0.0,0.0,0.0
stage3a_supervised_physics,42,PICASSO-rec-physics,0.0625,30,0.92920956,0.46460478,0.52847164,0.00032594,0.37901994,5,1024,256,512,1.1481,rec_physics,0.0,1.0,0.05,0.05
stage3a_supervised_physics,42,PICASSO-full-light-adv,0.0625,30,0.93127543,0.46563772,0.52941654,0.00047664,0.31588043,5,1024,256,512,1.7467,full,0.001,1.0,0.05,0.05
stage3a_supervised_physics,123,LS,0.5000,10,0.55039186,0.27519593,0.37203408,0.00000000,0.63304813,0,1024,256,512,0.0258,,0.0,0.0,0.0,0.0
stage3a_supervised_physics,123,DnCNN,0.5000,10,0.50484290,0.25242145,0.35632538,0.00361814,0.64581694,5,1024,256,512,0.3191,,0.0,0.0,0.0,0.0
stage3a_supervised_physics,123,Enhanced-DnCNN,0.5000,10,0.49899470,0.24949735,0.35565195,0.01507191,0.65956431,5,1024,256,512,0.8592,,0.0,0.0,0.0,0.0
stage3a_supervised_physics,123,PICASSO-rec,0.5000,10,0.48500206,0.24250103,0.34188981,0.00641420,0.72172581,5,1024,256,512,1.1579,rec_only,0.0,0.0,0.0,0.0
stage3a_supervised_physics,123,PICASSO-rec-physics,0.5000,10,0.48496173,0.24248086,0.34310921,0.00544350,0.71131571,5,1024,256,512,1.1471,rec_physics,0.0,1.0,0.05,0.05
stage3a_supervised_physics,123,PICASSO-full-light-adv,0.5000,10,0.48652813,0.24326407,0.34468052,0.00580998,0.70400460,5,1024,256,512,1.7510,full,0.001,1.0,0.05,0.05
stage3a_supervised_physics,123,LS,0.5000,20,0.50541522,0.25270761,0.31102170,0.00000000,0.68365616,0,1024,256,512,0.0257,,0.0,0.0,0.0,0.0
stage3a_supervised_physics,123,DnCNN,0.5000,20,0.47448107,0.23724054,0.30377759,0.00096392,0.68902137,5,1024,256,512,0.3420,,0.0,0.0,0.0,0.0
stage3a_supervised_physics,123,Enhanced-DnCNN,0.5000,20,0.45058578,0.22529289,0.29877350,0.00304552,0.71372734,5,1024,256,512,0.8690,,0.0,0.0,0.0,0.0
stage3a_supervised_physics,123,PICASSO-rec,0.5000,20,0.43984758,0.21992379,0.28197873,0.00126591,0.77982200,5,1024,256,512,1.1519,rec_only,0.0,0.0,0.0,0.0
stage3a_supervised_physics,123,PICASSO-rec-physics,0.5000,20,0.44241072,0.22120536,0.29099304,0.00159451,0.73152696,5,1024,256,512,1.1530,rec_physics,0.0,1.0,0.05,0.05
stage3a_supervised_physics,123,PICASSO-full-light-adv,0.5000,20,0.44123656,0.22061828,0.28605958,0.00158921,0.76275038,5,1024,256,512,1.8147,full,0.001,1.0,0.05,0.05
stage3a_supervised_physics,123,LS,0.5000,30,0.50091757,0.25045879,0.29172790,0.00000000,0.68962885,0,1024,256,512,0.0259,,0.0,0.0,0.0,0.0
stage3a_supervised_physics,123,DnCNN,0.5000,30,0.46156060,0.23078030,0.28972091,0.00209154,0.70086751,5,1024,256,512,0.3071,,0.0,0.0,0.0,0.0
stage3a_supervised_physics,123,Enhanced-DnCNN,0.5000,30,0.45652188,0.22826094,0.28637301,0.00179069,0.70712244,5,1024,256,512,0.8693,,0.0,0.0,0.0,0.0
stage3a_supervised_physics,123,PICASSO-rec,0.5000,30,0.43053066,0.21526533,0.26969137,0.00100438,0.75741847,5,1024,256,512,1.1648,rec_only,0.0,0.0,0.0,0.0
stage3a_supervised_physics,123,PICASSO-rec-physics,0.5000,30,0.43510838,0.21755419,0.26820567,0.00078343,0.76732975,5,1024,256,512,1.2671,rec_physics,0.0,1.0,0.05,0.05
stage3a_supervised_physics,123,PICASSO-full-light-adv,0.5000,30,0.43415441,0.21707720,0.27115461,0.00092792,0.75114473,5,1024,256,512,1.7871,full,0.001,1.0,0.05,0.05
stage3a_supervised_physics,123,LS,0.2500,10,0.77509399,0.38754699,0.46869010,0.00000000,0.46996859,0,1024,256,512,0.0296,,0.0,0.0,0.0,0.0
stage3a_supervised_physics,123,DnCNN,0.2500,10,0.75711161,0.37855580,0.46310734,0.00043069,0.48917132,5,1024,256,512,0.3507,,0.0,0.0,0.0,0.0
stage3a_supervised_physics,123,Enhanced-DnCNN,0.2500,10,0.74931789,0.37465895,0.46009358,0.00506435,0.51734100,5,1024,256,512,0.8909,,0.0,0.0,0.0,0.0
stage3a_supervised_physics,123,PICASSO-rec,0.2500,10,0.73207720,0.36603860,0.45325726,0.00479162,0.60188708,5,1024,256,512,1.2049,rec_only,0.0,0.0,0.0,0.0
stage3a_supervised_physics,123,PICASSO-rec-physics,0.2500,10,0.73350707,0.36675354,0.45366130,0.00488051,0.59948515,5,1024,256,512,1.2205,rec_physics,0.0,1.0,0.05,0.05
stage3a_supervised_physics,123,PICASSO-full-light-adv,0.2500,10,0.73368717,0.36684358,0.45379881,0.00479581,0.59658813,5,1024,256,512,1.7905,full,0.001,1.0,0.05,0.05
stage3a_supervised_physics,123,LS,0.2500,20,0.75251822,0.37625911,0.43811853,0.00000000,0.50000527,0,1024,256,512,0.0309,,0.0,0.0,0.0,0.0
stage3a_supervised_physics,123,DnCNN,0.2500,20,0.73617388,0.36808694,0.43414866,0.00062894,0.51830884,5,1024,256,512,0.3074,,0.0,0.0,0.0,0.0
stage3a_supervised_physics,123,Enhanced-DnCNN,0.2500,20,0.72495461,0.36247731,0.43185033,0.00191773,0.54475556,5,1024,256,512,0.8692,,0.0,0.0,0.0,0.0
stage3a_supervised_physics,123,PICASSO-rec,0.2500,20,0.70978995,0.35489498,0.42446464,0.00059519,0.62324794,5,1024,256,512,1.1690,rec_only,0.0,0.0,0.0,0.0
stage3a_supervised_physics,123,PICASSO-rec-physics,0.2500,20,0.71401624,0.35700812,0.42659922,0.00088588,0.59242056,5,1024,256,512,1.1678,rec_physics,0.0,1.0,0.05,0.05
stage3a_supervised_physics,123,PICASSO-full-light-adv,0.2500,20,0.70925241,0.35462620,0.42377726,0.00057794,0.63815141,5,1024,256,512,1.8779,full,0.001,1.0,0.05,0.05
stage3a_supervised_physics,123,LS,0.2500,30,0.75026067,0.37513033,0.42845095,0.00000000,0.50334832,0,1024,256,512,0.0320,,0.0,0.0,0.0,0.0
stage3a_supervised_physics,123,DnCNN,0.2500,30,0.72724501,0.36362251,0.42381243,0.00065000,0.53484509,5,1024,256,512,0.5133,,0.0,0.0,0.0,0.0
stage3a_supervised_physics,123,Enhanced-DnCNN,0.2500,30,0.71851943,0.35925972,0.42580036,0.00344899,0.56495225,5,1024,256,512,0.8681,,0.0,0.0,0.0,0.0
stage3a_supervised_physics,123,PICASSO-rec,0.2500,30,0.70569863,0.35284932,0.41448885,0.00030769,0.63748606,5,1024,256,512,1.1470,rec_only,0.0,0.0,0.0,0.0
stage3a_supervised_physics,123,PICASSO-rec-physics,0.2500,30,0.70775751,0.35387876,0.41539115,0.00036579,0.63201120,5,1024,256,512,1.1421,rec_physics,0.0,1.0,0.05,0.05
stage3a_supervised_physics,123,PICASSO-full-light-adv,0.2500,30,0.70833170,0.35416585,0.41570963,0.00037795,0.62821344,5,1024,256,512,1.7134,full,0.001,1.0,0.05,0.05
stage3a_supervised_physics,123,LS,0.1250,10,0.88721453,0.44360727,0.51696380,0.00000000,0.32803465,0,1024,256,512,0.0279,,0.0,0.0,0.0,0.0
stage3a_supervised_physics,123,DnCNN,0.1250,10,0.88227855,0.44113927,0.51531558,0.00057890,0.34301177,5,1024,256,512,0.3168,,0.0,0.0,0.0,0.0
stage3a_supervised_physics,123,Enhanced-DnCNN,0.1250,10,0.87694211,0.43847106,0.51337107,0.00618108,0.38584360,5,1024,256,512,0.8894,,0.0,0.0,0.0,0.0
stage3a_supervised_physics,123,PICASSO-rec,0.1250,10,0.86664188,0.43332094,0.50980492,0.00513209,0.48002799,5,1024,256,512,1.1219,rec_only,0.0,0.0,0.0,0.0
stage3a_supervised_physics,123,PICASSO-rec-physics,0.1250,10,0.86688927,0.43344463,0.50983341,0.00479312,0.48160685,5,1024,256,512,1.1925,rec_physics,0.0,1.0,0.05,0.05
stage3a_supervised_physics,123,PICASSO-full-light-adv,0.1250,10,0.86699449,0.43349724,0.50985629,0.00469528,0.48373698,5,1024,256,512,1.7466,full,0.001,1.0,0.05,0.05
stage3a_supervised_physics,123,LS,0.1250,20,0.87587477,0.43793739,0.50164165,0.00000000,0.34289575,0,1024,256,512,0.0292,,0.0,0.0,0.0,0.0
stage3a_supervised_physics,123,DnCNN,0.1250,20,0.86919951,0.43459976,0.49983433,0.00030039,0.36645102,5,1024,256,512,0.3114,,0.0,0.0,0.0,0.0
stage3a_supervised_physics,123,Enhanced-DnCNN,0.1250,20,0.87023503,0.43511751,0.50162208,0.00264127,0.37001450,5,1024,256,512,0.8632,,0.0,0.0,0.0,0.0
stage3a_supervised_physics,123,PICASSO-rec,0.1250,20,0.85425548,0.42712774,0.49475718,0.00042586,0.50010668,5,1024,256,512,1.1198,rec_only,0.0,0.0,0.0,0.0
stage3a_supervised_physics,123,PICASSO-rec-physics,0.1250,20,0.85686345,0.42843172,0.49588824,0.00073966,0.47275632,5,1024,256,512,1.1166,rec_physics,0.0,1.0,0.05,0.05
stage3a_supervised_physics,123,PICASSO-full-light-adv,0.1250,20,0.85513381,0.42756690,0.49507356,0.00073734,0.51134738,5,1024,256,512,1.6941,full,0.001,1.0,0.05,0.05
stage3a_supervised_physics,123,LS,0.1250,30,0.87474082,0.43737041,0.49679637,0.00000000,0.34486549,0,1024,256,512,0.0260,,0.0,0.0,0.0,0.0
stage3a_supervised_physics,123,DnCNN,0.1250,30,0.86988305,0.43494153,0.49576963,0.00018780,0.36013446,5,1024,256,512,0.3213,,0.0,0.0,0.0,0.0
stage3a_supervised_physics,123,Enhanced-DnCNN,0.1250,30,0.86401809,0.43200905,0.49688330,0.00304270,0.39918523,5,1024,256,512,0.9038,,0.0,0.0,0.0,0.0
stage3a_supervised_physics,123,PICASSO-rec,0.1250,30,0.85346940,0.42673470,0.49057913,0.00039762,0.49406309,5,1024,256,512,1.1658,rec_only,0.0,0.0,0.0,0.0
stage3a_supervised_physics,123,PICASSO-rec-physics,0.1250,30,0.85374714,0.42687357,0.49049806,0.00031060,0.50292826,5,1024,256,512,1.1644,rec_physics,0.0,1.0,0.05,0.05
stage3a_supervised_physics,123,PICASSO-full-light-adv,0.1250,30,0.85547772,0.42773886,0.49129920,0.00035957,0.47280074,5,1024,256,512,1.8255,full,0.001,1.0,0.05,0.05
stage3a_supervised_physics,123,LS,0.0625,10,0.94368947,0.47184473,0.54119308,0.00000000,0.21063309,0,1024,256,512,0.0289,,0.0,0.0,0.0,0.0
stage3a_supervised_physics,123,DnCNN,0.0625,10,0.94263310,0.47131655,0.54086246,0.00020390,0.22266341,5,1024,256,512,0.3342,,0.0,0.0,0.0,0.0
stage3a_supervised_physics,123,Enhanced-DnCNN,0.0625,10,0.94031090,0.47015545,0.54007792,0.00367691,0.24746660,5,1024,256,512,0.8861,,0.0,0.0,0.0,0.0
stage3a_supervised_physics,123,PICASSO-rec,0.0625,10,0.93485709,0.46742854,0.53815631,0.00528787,0.35990567,5,1024,256,512,1.2214,rec_only,0.0,0.0,0.0,0.0
stage3a_supervised_physics,123,PICASSO-rec-physics,0.0625,10,0.93508875,0.46754438,0.53820036,0.00546146,0.36231838,5,1024,256,512,1.2459,rec_physics,0.0,1.0,0.05,0.05
stage3a_supervised_physics,123,PICASSO-full-light-adv,0.0625,10,0.93561120,0.46780560,0.53839643,0.00557077,0.34754698,5,1024,256,512,1.8631,full,0.001,1.0,0.05,0.05
stage3a_supervised_physics,123,LS,0.0625,20,0.93803037,0.46901518,0.53353553,0.00000000,0.21405690,0,1024,256,512,0.0266,,0.0,0.0,0.0,0.0
stage3a_supervised_physics,123,DnCNN,0.0625,20,0.93708774,0.46854387,0.53330722,0.00019127,0.22503355,5,1024,256,512,0.3625,,0.0,0.0,0.0,0.0
stage3a_supervised_physics,123,Enhanced-DnCNN,0.0625,20,0.93576735,0.46788367,0.53314470,0.00064921,0.24469959,5,1024,256,512,0.9005,,0.0,0.0,0.0,0.0
stage3a_supervised_physics,123,PICASSO-rec,0.0625,20,0.92861153,0.46430577,0.53062142,0.00066769,0.38421619,5,1024,256,512,1.1892,rec_only,0.0,0.0,0.0,0.0
stage3a_supervised_physics,123,PICASSO-rec-physics,0.0625,20,0.92877629,0.46438814,0.53063793,0.00070470,0.39991727,5,1024,256,512,1.1870,rec_physics,0.0,1.0,0.05,0.05
stage3a_supervised_physics,123,PICASSO-full-light-adv,0.0625,20,0.92895238,0.46447619,0.53074572,0.00073158,0.38128636,5,1024,256,512,1.7948,full,0.001,1.0,0.05,0.05
stage3a_supervised_physics,123,LS,0.0625,30,0.93746446,0.46873223,0.53111399,0.00000000,0.21426922,0,1024,256,512,0.0252,,0.0,0.0,0.0,0.0
stage3a_supervised_physics,123,DnCNN,0.0625,30,0.93704735,0.46852368,0.53116801,0.00016187,0.22394996,5,1024,256,512,0.3483,,0.0,0.0,0.0,0.0
stage3a_supervised_physics,123,Enhanced-DnCNN,0.0625,30,0.93591283,0.46795641,0.53080139,0.00014324,0.23113556,5,1024,256,512,0.8897,,0.0,0.0,0.0,0.0
stage3a_supervised_physics,123,PICASSO-rec,0.0625,30,0.92847026,0.46423513,0.52861430,0.00033589,0.35848461,5,1024,256,512,1.1819,rec_only,0.0,0.0,0.0,0.0
stage3a_supervised_physics,123,PICASSO-rec-physics,0.0625,30,0.93002997,0.46501499,0.52918837,0.00042723,0.32549453,5,1024,256,512,1.1662,rec_physics,0.0,1.0,0.05,0.05
stage3a_supervised_physics,123,PICASSO-full-light-adv,0.0625,30,0.92841521,0.46420760,0.52840795,0.00029220,0.39119560,5,1024,256,512,1.7833,full,0.001,1.0,0.05,0.05
stage3a_supervised_physics,2026,LS,0.5000,10,0.54985020,0.27492510,0.37165277,0.00000000,0.63180561,0,1024,256,512,0.0302,,0.0,0.0,0.0,0.0
stage3a_supervised_physics,2026,DnCNN,0.5000,10,0.49855167,0.24927583,0.35411280,0.00451707,0.64894897,5,1024,256,512,0.3033,,0.0,0.0,0.0,0.0
stage3a_supervised_physics,2026,Enhanced-DnCNN,0.5000,10,0.49131855,0.24565928,0.35236043,0.01454512,0.66584420,5,1024,256,512,0.8727,,0.0,0.0,0.0,0.0
stage3a_supervised_physics,2026,PICASSO-rec,0.5000,10,0.47740625,0.23870313,0.33839872,0.00627337,0.72464199,5,1024,256,512,1.1591,rec_only,0.0,0.0,0.0,0.0
stage3a_supervised_physics,2026,PICASSO-rec-physics,0.5000,10,0.48016835,0.24008418,0.34016005,0.00537951,0.71839492,5,1024,256,512,1.1755,rec_physics,0.0,1.0,0.05,0.05
stage3a_supervised_physics,2026,PICASSO-full-light-adv,0.5000,10,0.48124339,0.24062169,0.34093968,0.00560639,0.71562096,5,1024,256,512,1.7433,full,0.001,1.0,0.05,0.05
stage3a_supervised_physics,2026,LS,0.5000,20,0.50493247,0.25246624,0.31068470,0.00000000,0.68169804,0,1024,256,512,0.0286,,0.0,0.0,0.0,0.0
stage3a_supervised_physics,2026,DnCNN,0.5000,20,0.47035410,0.23517705,0.30316430,0.00130661,0.68757030,5,1024,256,512,0.3770,,0.0,0.0,0.0,0.0
stage3a_supervised_physics,2026,Enhanced-DnCNN,0.5000,20,0.44269749,0.22134875,0.29257580,0.00221769,0.72584383,5,1024,256,512,0.8675,,0.0,0.0,0.0,0.0
stage3a_supervised_physics,2026,PICASSO-rec,0.5000,20,0.43231780,0.21615890,0.28272093,0.00165127,0.76358000,5,1024,256,512,1.1473,rec_only,0.0,0.0,0.0,0.0
stage3a_supervised_physics,2026,PICASSO-rec-physics,0.5000,20,0.43742111,0.21871055,0.28355695,0.00142307,0.76625236,5,1024,256,512,1.1529,rec_physics,0.0,1.0,0.05,0.05
stage3a_supervised_physics,2026,PICASSO-full-light-adv,0.5000,20,0.43686976,0.21843488,0.28274770,0.00136168,0.76871208,5,1024,256,512,1.7538,full,0.001,1.0,0.05,0.05
stage3a_supervised_physics,2026,LS,0.5000,30,0.50044070,0.25022035,0.29140491,0.00000000,0.68752928,0,1024,256,512,0.0268,,0.0,0.0,0.0,0.0
stage3a_supervised_physics,2026,DnCNN,0.5000,30,0.46400067,0.23200034,0.28863971,0.00150280,0.69506164,5,1024,256,512,0.3366,,0.0,0.0,0.0,0.0
stage3a_supervised_physics,2026,Enhanced-DnCNN,0.5000,30,0.44047918,0.22023959,0.28482183,0.00336121,0.72475714,5,1024,256,512,0.8776,,0.0,0.0,0.0,0.0
stage3a_supervised_physics,2026,PICASSO-rec,0.5000,30,0.42504571,0.21252286,0.26610356,0.00105277,0.76500134,5,1024,256,512,1.1664,rec_only,0.0,0.0,0.0,0.0
stage3a_supervised_physics,2026,PICASSO-rec-physics,0.5000,30,0.43072907,0.21536454,0.27135830,0.00111286,0.74635536,5,1024,256,512,1.1785,rec_physics,0.0,1.0,0.05,0.05
stage3a_supervised_physics,2026,PICASSO-full-light-adv,0.5000,30,0.43916278,0.21958139,0.27693255,0.00111418,0.72281121,5,1024,256,512,1.7668,full,0.001,1.0,0.05,0.05
stage3a_supervised_physics,2026,LS,0.2500,10,0.77427726,0.38713863,0.46814093,0.00000000,0.46740208,0,1024,256,512,0.0286,,0.0,0.0,0.0,0.0
stage3a_supervised_physics,2026,DnCNN,0.2500,10,0.75074194,0.37537097,0.46096011,0.00091284,0.49621434,5,1024,256,512,0.3467,,0.0,0.0,0.0,0.0
stage3a_supervised_physics,2026,Enhanced-DnCNN,0.2500,10,0.74354608,0.37177304,0.45842629,0.00504757,0.52709484,5,1024,256,512,0.8778,,0.0,0.0,0.0,0.0
stage3a_supervised_physics,2026,PICASSO-rec,0.2500,10,0.73099381,0.36549690,0.45203371,0.00496776,0.61246736,5,1024,256,512,1.1694,rec_only,0.0,0.0,0.0,0.0
stage3a_supervised_physics,2026,PICASSO-rec-physics,0.2500,10,0.73227359,0.36613679,0.45259195,0.00495141,0.60879783,5,1024,256,512,1.1561,rec_physics,0.0,1.0,0.05,0.05
stage3a_supervised_physics,2026,PICASSO-full-light-adv,0.2500,10,0.73259632,0.36629816,0.45260096,0.00469553,0.61133163,5,1024,256,512,1.7746,full,0.001,1.0,0.05,0.05
stage3a_supervised_physics,2026,LS,0.2500,20,0.75176746,0.37588373,0.43763742,0.00000000,0.49742319,0,1024,256,512,0.0273,,0.0,0.0,0.0,0.0
stage3a_supervised_physics,2026,DnCNN,0.2500,20,0.73825843,0.36912921,0.43440633,0.00040576,0.51085939,5,1024,256,512,0.3902,,0.0,0.0,0.0,0.0
stage3a_supervised_physics,2026,Enhanced-DnCNN,0.2500,20,0.72254807,0.36127403,0.43358834,0.00492954,0.56163827,5,1024,256,512,0.9427,,0.0,0.0,0.0,0.0
stage3a_supervised_physics,2026,PICASSO-rec,0.2500,20,0.70709110,0.35354555,0.42234059,0.00063995,0.64953568,5,1024,256,512,1.2005,rec_only,0.0,0.0,0.0,0.0
stage3a_supervised_physics,2026,PICASSO-rec-physics,0.2500,20,0.70825794,0.35412897,0.42284762,0.00069575,0.64940954,5,1024,256,512,1.1820,rec_physics,0.0,1.0,0.05,0.05
stage3a_supervised_physics,2026,PICASSO-full-light-adv,0.2500,20,0.70941617,0.35470809,0.42300474,0.00073016,0.65723423,5,1024,256,512,1.8428,full,0.001,1.0,0.05,0.05
stage3a_supervised_physics,2026,LS,0.2500,30,0.74951650,0.37475825,0.42799136,0.00000000,0.50089749,0,1024,256,512,0.0333,,0.0,0.0,0.0,0.0
stage3a_supervised_physics,2026,DnCNN,0.2500,30,0.73175910,0.36587955,0.42473110,0.00058432,0.51995865,5,1024,256,512,0.3455,,0.0,0.0,0.0,0.0
stage3a_supervised_physics,2026,Enhanced-DnCNN,0.2500,30,0.71696720,0.35848360,0.42727548,0.00532639,0.56660786,5,1024,256,512,0.9203,,0.0,0.0,0.0,0.0
stage3a_supervised_physics,2026,PICASSO-rec,0.2500,30,0.70392739,0.35196370,0.41303355,0.00033602,0.65322565,5,1024,256,512,1.2106,rec_only,0.0,0.0,0.0,0.0
stage3a_supervised_physics,2026,PICASSO-rec-physics,0.2500,30,0.71024664,0.35512332,0.41678042,0.00041740,0.59535664,5,1024,256,512,1.2022,rec_physics,0.0,1.0,0.05,0.05
stage3a_supervised_physics,2026,PICASSO-full-light-adv,0.2500,30,0.70690477,0.35345238,0.41509672,0.00043447,0.62629227,5,1024,256,512,1.8461,full,0.001,1.0,0.05,0.05
stage3a_supervised_physics,2026,LS,0.1250,10,0.88734267,0.44367133,0.51660056,0.00000000,0.32547414,0,1024,256,512,0.0303,,0.0,0.0,0.0,0.0
stage3a_supervised_physics,2026,DnCNN,0.1250,10,0.88253199,0.44126599,0.51506144,0.00040432,0.34105080,5,1024,256,512,0.3413,,0.0,0.0,0.0,0.0
stage3a_supervised_physics,2026,Enhanced-DnCNN,0.1250,10,0.87609693,0.43804846,0.51281842,0.00446644,0.38940027,5,1024,256,512,0.9090,,0.0,0.0,0.0,0.0
stage3a_supervised_physics,2026,PICASSO-rec,0.1250,10,0.86611363,0.43305681,0.50886964,0.00466616,0.50193411,5,1024,256,512,1.2125,rec_only,0.0,0.0,0.0,0.0
stage3a_supervised_physics,2026,PICASSO-rec-physics,0.1250,10,0.86726981,0.43363490,0.50931261,0.00474180,0.50021926,5,1024,256,512,1.2108,rec_physics,0.0,1.0,0.05,0.05
stage3a_supervised_physics,2026,PICASSO-full-light-adv,0.1250,10,0.86707409,0.43353704,0.50914261,0.00472702,0.51088198,5,1024,256,512,1.8762,full,0.001,1.0,0.05,0.05
stage3a_supervised_physics,2026,LS,0.1250,20,0.87611465,0.43805733,0.50137828,0.00000000,0.33896047,0,1024,256,512,0.0286,,0.0,0.0,0.0,0.0
stage3a_supervised_physics,2026,DnCNN,0.1250,20,0.87117810,0.43558905,0.50017411,0.00027913,0.35440536,5,1024,256,512,0.3539,,0.0,0.0,0.0,0.0
stage3a_supervised_physics,2026,Enhanced-DnCNN,0.1250,20,0.86239852,0.43119926,0.49894638,0.00319572,0.42256553,5,1024,256,512,0.9160,,0.0,0.0,0.0,0.0
stage3a_supervised_physics,2026,PICASSO-rec,0.1250,20,0.85440589,0.42720294,0.49406300,0.00051463,0.51897809,5,1024,256,512,1.2252,rec_only,0.0,0.0,0.0,0.0
stage3a_supervised_physics,2026,PICASSO-rec-physics,0.1250,20,0.85647188,0.42823594,0.49528909,0.00080534,0.48680450,5,1024,256,512,1.2063,rec_physics,0.0,1.0,0.05,0.05
stage3a_supervised_physics,2026,PICASSO-full-light-adv,0.1250,20,0.85704800,0.42852400,0.49548775,0.00071837,0.47722597,5,1024,256,512,1.8617,full,0.001,1.0,0.05,0.05
stage3a_supervised_physics,2026,LS,0.1250,30,0.87499185,0.43749592,0.49656457,0.00000000,0.34049287,0,1024,256,512,0.0306,,0.0,0.0,0.0,0.0
stage3a_supervised_physics,2026,DnCNN,0.1250,30,0.86631817,0.43315909,0.49479276,0.00041199,0.37028130,5,1024,256,512,0.3908,,0.0,0.0,0.0,0.0
stage3a_supervised_physics,2026,Enhanced-DnCNN,0.1250,30,0.86444499,0.43222250,0.49808189,0.00533799,0.40627030,5,1024,256,512,0.9289,,0.0,0.0,0.0,0.0
stage3a_supervised_physics,2026,PICASSO-rec,0.1250,30,0.85321522,0.42660761,0.48977558,0.00035397,0.50954542,5,1024,256,512,1.2204,rec_only,0.0,0.0,0.0,0.0
stage3a_supervised_physics,2026,PICASSO-rec-physics,0.1250,30,0.85404286,0.42702143,0.49004428,0.00038431,0.52244268,5,1024,256,512,1.2215,rec_physics,0.0,1.0,0.05,0.05
stage3a_supervised_physics,2026,PICASSO-full-light-adv,0.1250,30,0.85439923,0.42719961,0.49029316,0.00038755,0.51190317,5,1024,256,512,1.8613,full,0.001,1.0,0.05,0.05
stage3a_supervised_physics,2026,LS,0.0625,10,0.94342250,0.47171125,0.54068911,0.00000000,0.20965555,0,1024,256,512,0.0351,,0.0,0.0,0.0,0.0
stage3a_supervised_physics,2026,DnCNN,0.0625,10,0.94077139,0.47038570,0.53979348,0.00050863,0.23347367,5,1024,256,512,0.3525,,0.0,0.0,0.0,0.0
stage3a_supervised_physics,2026,Enhanced-DnCNN,0.0625,10,0.94128650,0.47064325,0.53997459,0.00104778,0.23048496,5,1024,256,512,0.8999,,0.0,0.0,0.0,0.0
stage3a_supervised_physics,2026,PICASSO-rec,0.0625,10,0.93364471,0.46682236,0.53717997,0.00527674,0.39799919,5,1024,256,512,1.2178,rec_only,0.0,0.0,0.0,0.0
stage3a_supervised_physics,2026,PICASSO-rec-physics,0.0625,10,0.93380792,0.46690396,0.53717306,0.00482156,0.41441898,5,1024,256,512,1.2059,rec_physics,0.0,1.0,0.05,0.05
stage3a_supervised_physics,2026,PICASSO-full-light-adv,0.0625,10,0.93418068,0.46709034,0.53740924,0.00538746,0.39280456,5,1024,256,512,1.8377,full,0.001,1.0,0.05,0.05
stage3a_supervised_physics,2026,LS,0.0625,20,0.93779828,0.46889914,0.53307483,0.00000000,0.21326355,0,1024,256,512,0.0342,,0.0,0.0,0.0,0.0
stage3a_supervised_physics,2026,DnCNN,0.0625,20,0.93479513,0.46739756,0.53232723,0.00041134,0.24509119,5,1024,256,512,0.3472,,0.0,0.0,0.0,0.0
stage3a_supervised_physics,2026,Enhanced-DnCNN,0.0625,20,0.93497783,0.46748891,0.53256651,0.00085081,0.24881676,5,1024,256,512,0.9106,,0.0,0.0,0.0,0.0
stage3a_supervised_physics,2026,PICASSO-rec,0.0625,20,0.92809579,0.46404789,0.53003430,0.00087329,0.39841991,5,1024,256,512,1.2196,rec_only,0.0,0.0,0.0,0.0
stage3a_supervised_physics,2026,PICASSO-rec-physics,0.0625,20,0.92849515,0.46424758,0.53027216,0.00085933,0.37523592,5,1024,256,512,1.2268,rec_physics,0.0,1.0,0.05,0.05
stage3a_supervised_physics,2026,PICASSO-full-light-adv,0.0625,20,0.92886965,0.46443482,0.53043600,0.00091841,0.36662063,5,1024,256,512,1.8565,full,0.001,1.0,0.05,0.05
stage3a_supervised_physics,2026,LS,0.0625,30,0.93723587,0.46861793,0.53066698,0.00000000,0.21367261,0,1024,256,512,0.0302,,0.0,0.0,0.0,0.0
stage3a_supervised_physics,2026,DnCNN,0.0625,30,0.93429652,0.46714826,0.53027121,0.00047699,0.24587849,5,1024,256,512,0.3605,,0.0,0.0,0.0,0.0
stage3a_supervised_physics,2026,Enhanced-DnCNN,0.0625,30,0.93249355,0.46624678,0.53185461,0.00683218,0.30491069,5,1024,256,512,0.9040,,0.0,0.0,0.0,0.0
stage3a_supervised_physics,2026,PICASSO-rec,0.0625,30,0.92683994,0.46341997,0.52749532,0.00034727,0.40291192,5,1024,256,512,1.2240,rec_only,0.0,0.0,0.0,0.0
stage3a_supervised_physics,2026,PICASSO-rec-physics,0.0625,30,0.92750462,0.46375231,0.52768987,0.00033593,0.40428235,5,1024,256,512,1.2129,rec_physics,0.0,1.0,0.05,0.05
stage3a_supervised_physics,2026,PICASSO-full-light-adv,0.0625,30,0.92777651,0.46388825,0.52787865,0.00036631,0.38865300,5,1024,256,512,1.8312,full,0.001,1.0,0.05,0.05
